Cluster.ID,Center,Cluster.Score,time_point_1
1,TTCACCAGATCTC,0.721928,10
2,TTCCACAGATCTC,1.000000,10
3,TTAAACAGATCTC,0.954434,8
4,TCTAACAGATCTC,0.811278,4
5,TCTAGCAATAGGA,0.000000,1
6,ACTCCATCGCTAT,1.000000,2
7,AAGGAGGGTATTC,0.151097,92
8,TCAATCGGATGTC,0.018728,12433
9,TCCGTCCATTACG,0.000000,1
10,TTACCCAAATCTC,1.000000,2
11,GATCATAAGCATG,0.000000,1
12,TCCACAGGTCTCT,0.000000,1
13,GTGCTTTTTTTTA,0.000000,1
14,CNANACAGATCTN,0.000000,1
15,NGGGTCGGANNCT,0.000000,1
16,AAGGAGGGTCCTC,1.000000,2
17,TCTGTCCGCGGCG,0.918296,3
18,GCCCCCCTTAACA,0.000000,1
19,NNGTCTGCNCNGT,0.000000,1
20,AACGATACTCCAG,0.000000,1
21,ACNANTNCNANCC,0.000000,1
22,TCGTCTGCGCGGT,0.918296,3
23,NTTTTTNCAGAAN,0.000000,1
24,TCTTATACACATC,0.000000,3
25,CCCCACAGATCTC,0.000000,1
26,TCAGGACACTCCC,0.000000,3
27,TTTTTTCCAGAAA,1.000000,14
28,TTACNCCGATCTC,0.000000,1
29,TTGTTCCTTAGGC,1.000000,2
30,GATATCCTCCTGG,0.000000,1
31,GAGGTTCCCTCAC,0.000000,1
32,TTTTTTTCCCCAC,0.000000,1
33,TGGGTCGGATGCT,0.000000,1
34,CGTGCTAACTTTG,0.000000,1
35,TGTTTTATGCCGA,0.000000,1
36,ACGAGTACTAACC,0.000000,2
37,TCCACCGGACGTC,0.000000,1
38,GCACGTCAAGACTG,0.193643,67
39,AACGCGCTCTTGCA,0.000000,1
40,CAACTTTTGAGTCT,0.000000,1
41,TCACGTTTCCGTAA,0.000000,1
42,TTTCTTTTTGTCGA,0.000000,1
43,CTTCCCAAAAATGC,0.000000,1
44,TTTTAGTGTCCCTG,0.811278,4
45,TTTTCCCCGCCGTT,0.000000,1
46,ACATGCAGTGTAAA,0.811278,4
47,TCTAAACAGATCTC,1.000000,6
48,TNTTNNTGTCNCTG,0.000000,1
49,TTTTTTCTTTTCCC,0.721928,5
50,AGGAAAGTTTCGAG,0.000000,1
51,ATTAGGTTCGCGTC,0.000000,1
52,GCAGCCACTGCACT,0.000000,1
53,GCAGTCCCTGCCCT,0.000000,1
54,TTTTCCACAGATCTC,0.678954,39
55,TTTTACCCAGATCTC,1.000000,4
56,TTTTCACCAGATCTC,0.000000,12
57,TTTTAAACAGATCTC,0.000000,3
58,GCAGTCACTGCCCTT,0.000000,1
59,TTTTTTGTCTTGTCA,0.000000,1
60,CCTCCATGTCTCATC,0.000000,1
61,CGTCCGGCGACTCGG,0.000000,1
62,ACTCCCCCCCTTTCC,0.000000,1
63,TTTTACCCAGATCCC,0.000000,1
64,AGGAAAGTTTCGGAG,0.000000,1
65,GCGGAAGGGGGGCAA,0.000000,1
66,TTTTTTTTCCCCGGG,0.000000,1
67,CTTTCTTTCCAGAAA,0.000000,1
68,GTTTTTCCCCCCCCC,0.000000,1
69,CAGCCAACAAATCTC,0.000000,1
70,CAGTAAACAGATCTC,0.591673,7
71,AAGACTGCCAAGGAG,0.000000,1
72,GTTTTTCTTAGGAGT,0.970951,5
73,TTTTCACCAGATCAC,0.970951,5
74,GTATATCACCGTTCC,0.650022,6
75,AAGCCTACCAAGGCA,0.000000,1
76,TCTTTCCGGCCTTGG,0.000000,2
77,NNGACCGTNGNGTAG,0.000000,1
78,ATTNTNTGTNTATTC,0.000000,1
79,CCCACGATAGCGGCG,0.000000,1
80,GCGGGAGGCGGTCAA,0.000000,1
81,AGGTTTCCCTGCGGC,1.000000,2
82,CGCACGTCAAGACTG,0.453716,21
83,TTTTTCCCGCCGTTC,0.000000,1
84,GTGTTTTTTCGGGGT,0.000000,1
85,TTTTCCCCCAATCTC,0.811278,4
86,CTTTTGTCCCCCCAC,0.000000,1
87,TGATGTTACGAGTAC,0.650022,6
88,TGGGCCTCCATGTCC,0.000000,1
89,GCGACCGTGGGGTAG,0.721928,5
90,CCCCTCTTCACCCAC,0.000000,1
91,TTTTCAAAAGATCCC,0.000000,1
92,TTGCTACTTTCAGCC,0.000000,1
93,TTTTTTTTTCCGCAGT,1.000000,2
94,TATTCTAACAGATCTC,0.000000,1
95,TTTTTTTTCCGCAATG,0.918296,3
96,TTGCTCCCGTGCATTT,0.000000,1
97,GGCCCCAACAGATCTC,0.000000,1
98,TTGGGCGCGTCTTCCA,1.000000,4
99,GATATCCTATTGGGAA,0.970951,5
100,TTATGTTTTATGCCGA,0.000000,2
101,ATTCTGGGCCTCCATG,0.000000,1
102,TTCCCTAACAGATCTC,0.000000,9
103,GCGAACGTGGGGGGGG,0.000000,1
104,CTCGGTGACAAAGGCC,0.000000,1
105,ACATTTCTGTTGTTTT,0.000000,1
106,TCGCACGTCAAGACTG,0.940286,14
107,GTATATCACCGTTCCT,0.000000,2
108,CCTCGTAACAGATCTC,0.000000,3
109,CAGTGCGGGGCTCTGC,0.721928,5
110,TAGACCTATTATTTCC,0.000000,2
111,AAACCTGACAGGTGGG,0.000000,1
112,AAGACTGTCAAGGAGGG,0.037120,254
113,GATATCCTATTGGGAAA,0.016782,50685
114,TTGTCGTAACAGATCTC,0.000000,1
115,GATATCCTATTCCCAAA,0.000000,1
116,TTCTAAATGCTCTCAGG,0.000000,1
117,TATTCTACCAAGATCTC,0.000000,1
118,TAGACCTATTATTTCAG,0.863121,7
119,TATTCTGAAAAGATCTC,0.000000,1
120,TTTTATTTTCCGCCATG,1.000000,2
121,TGTGTCGGATGCTTCCA,0.000000,1
122,TCGCACGTCCAGACTGT,0.000000,1
123,TTCCCTCCACAGATCTC,0.721928,10
124,TTCCCCCAACAGANTTC,0.000000,1
125,TTCCCTCACCAAATCTC,0.918296,3
126,TTTTTTTTTCCGCAGTG,0.811278,16
127,GGTGGTCGCCGTATCAT,0.918296,3
128,TGTCTCTTATACACATC,0.000000,1
129,TATTATAATTACTTGCC,0.000000,3
130,CTTTTTTTTTTCATGGC,0.000000,1
131,TTTTTTTTTTCCACAGT,0.000000,1
132,TTCNCTANANAGANCNC,0.000000,1
133,GTTCTTTTTTTTCATGGC,0.262311,45
134,GGTACTCGTCGGGGGTAG,0.000000,1
135,TTGTCGTAAACAGATCTC,0.918296,3
136,ACTAATTTCTCCCCCTTT,0.000000,1
137,ACTAATTTCTCATCATTT,0.000000,1
138,TTTTGTCTCACGTTTCCG,0.000000,1
139,AACCACTACGCACATAAC,0.000000,1
140,TTCTGGGCCTCCATGTCC,0.000000,1
141,TTTTCAACGCGCGGCAGT,1.000000,2
142,ATTCCTTCTTTTCCTCCA,0.000000,1
143,TTGTACCTTGGGCTATTG,0.000000,1
144,TTTGTTTGACTGGGGGTG,0.000000,1
145,TTTTTTCCTCCTTCCTCC,0.000000,1
146,GTGCGTAGCGAGTCCGGG,0.000000,1
147,TTTTTTTTTTCCGCAGTG,0.000000,1
148,ACTAAATTTCTCATCATT,0.000000,1
149,TTTTTTTACGCAGTGTAA,0.845351,11
150,GGTTCGAAGCGTCCCGGA,0.000000,5
151,GTGCTTTTTGAGACATTA,0.000000,1
152,CAACTCTTGAGTCTTCCA,0.000000,1
153,TTGTTATACGGTTTGCTG,0.000000,1
154,CTCAATTTTTTTCGTGTC,0.000000,9
155,TTCGTTCTAACAGATCTC,0.000000,2
156,TCTACCCCTCCTCTCCCA,0.000000,1
157,GTTTTTCCGACCGCCCAC,0.000000,1
158,CTGGGCCTCCATGTCTCT,0.000000,1
159,CGGTCCGTAACAGATCTC,0.000000,3
160,GGACTCGTGCTTATGATA,0.000000,1
161,GTCTGCGCGGTTCAACGC,0.000000,1
162,TATCTGATTGGGACGGAC,0.000000,1
163,TCCCCCCCACCCACCCTA,0.000000,1
164,TTTTTATTAATACCTTGA,0.000000,1
165,TTTTTTCTCTGATGAGTTT,0.000000,31
166,ACTCCCCCCTTTACTGCCC,0.371232,28
167,ACTCCCCCCCTTACTGCCC,0.000000,4
168,GTTCTTTTTTTTTCCCTGC,0.787127,17
169,GTTCTTTTTTTTTTCCTGC,1.000000,10
170,GTTCTTTTTTTTTCCCGGC,0.000000,14
171,GTTCTTTTTTTTTTCCGGG,0.000000,3
172,TTTTTCCAGAAATACACAT,0.102158,75
173,TGGCTTTTTGGGCCCCCGT,0.157906,87
174,AAGGAGGGTATTCTGGGCC,0.178317,149
175,TTTTTTTTACGCAGTGTAA,0.441378,481
176,CTCAATTTTTTTTCGTGTC,0.074767,989
177,GTTCTTTTTTTTTCATGGC,0.334595,2815
178,TTGTTATACGGTTTGCTGG,0.015855,7536
179,ACTAAATTTCTCATCATTT,0.022704,9039
180,TTTGTTTGACTGGGGGTGT,0.027052,9210
181,TTTTTGTCTCACGTTTCCG,0.029319,50961
182,GGTTCGAAGCGTCCCCGGA,0.018427,61040
183,GCGATCTGTACCATTGCAG,0.000000,1
184,GCGACGCACATTCTTTCGA,0.000000,2
185,TTGCTCCGTGCATTTTCAG,0.000000,1
186,ACTCCCCCCCTTCCCTCCC,0.918296,3
187,TTTTTTTTCCACCATTTCA,0.918296,3
188,TATTTTAAGATGCTCGCTC,0.000000,1
189,CACAGCTTAAACAAATCTC,0.000000,1
190,AATGGGGCGGGTCTGGTCT,0.000000,1
191,TTTTCTTTGGTGGGTCTAT,0.000000,1
192,TTTCCTGGGTGTGCAGGCC,0.918296,3
193,CGTTCACAATGTCCCATCC,0.000000,1
194,CTTTTAACTTCGTCAAACT,0.000000,1
195,TATGTCTGGGTCGGATGCT,0.000000,1
196,TGGCTTTTTTGGGCCCCCG,0.000000,1
197,TTTGCCATCACCAGATCTC,0.000000,1
198,GGTTCGNNGCGTNCNCGNA,0.000000,1
199,CCTCCATGTCTTGATACTT,0.000000,1
200,CTTTCACCTCCTCCAGATT,0.000000,1
201,TTTTTTTTCAGCAATGTCA,0.918296,6
202,TCGGACTCGTGCTATGATA,0.000000,2
203,GTTCCGTGACCGGCCCCCG,0.000000,1
204,GAACCACCGAGTACATGGC,0.721928,5
205,TTGCAATCCAGAGTCCGGG,0.000000,1
206,TTATATTCTTTCTTAGCGT,0.000000,2
207,TTTATATTCTTTCTAGCGT,0.000000,1
208,TGCGGGGACGGGCGCCCAC,0.000000,1
209,CTCTTCGCCGCCAACTGCC,0.811278,4
210,GTGTCTTGTCCGGCGGGAT,0.000000,2
211,CTGTTCGTCGGCGACTCGG,0.000000,1
212,GGGCTCGTTTCATCTTTCC,1.000000,2
213,CTCAATTTTTTTTTTTTTT,0.000000,1
214,CTGTTTCTCCTTCAGCTGC,1.000000,2
215,GATGTTTCAGGACACTCCC,0.000000,1
216,TTTCTTAAGTTATTTCTCA,0.000000,1
217,TTGTTTCTTTACGTTCCTG,0.000000,1
218,AGTCCCAATTGGATGCGGG,0.000000,1
219,TTTTTTTCTCCCCTTTCCC,0.918296,3
220,GTTTTACTTCTCCTTGTTG,0.000000,1
221,TTTTTTCCCCTACTAATTT,0.000000,1
222,TTTTTTCCAAAACCCCCCC,1.000000,4
223,TTATCTTTTGTTGATTTGC,0.000000,2
224,TCTCATTGTCCGGGCAGGG,0.000000,1
225,GTTTTCTTAGGAGTTAATC,0.650022,6
226,TTGCTCCGTTCCCTTTCAA,0.000000,1
227,TATTTCCCTTGGGCTATTG,0.811278,4
228,TTGTTCATAAGCCAAGCAC,1.000000,4
229,TTAGTTCTCCTTTTCGAAG,0.000000,3
230,CTAAAGGTTAAAGCTTCGC,0.000000,2
231,CTAAGGTTAAAGCTTCGCT,0.918296,3
232,ATTCTGGGCCTCCATGTCA,1.000000,2
233,TTTTTTTACCCAGGGGAAC,0.000000,1
234,CCTACATCTCTCATCCTCC,0.000000,1
235,GAATTGTCTTGGCGCGTCT,0.000000,1
236,TATTATCCCTTGGGCTATG,0.000000,4
237,GCAGTCCTGCCCTTCAGAC,0.000000,1
238,AGTCCCAATTGACTCGGGG,0.000000,1
239,CCATTTCCGGTGGTCGTCG,0.000000,1
240,GTCTCGAAGCGTCCCCGAA,0.000000,1
241,GTTCCTGTCTAGTACTCCC,0.000000,1
242,TTTGGTGGGTCTTCCAACT,0.000000,1
243,CTAAAGGTTAAGCTTCGCT,0.000000,2
244,CGTTCCTAATGTTCGGTCC,0.000000,2
245,TATTATCCCTTGGCTATTG,0.000000,1
246,GTTTCCCTTCCCCTTTTTT,0.000000,1
247,TGATACCTTTTCGACAACA,0.000000,1
248,AATTCGAAGCATCCCCGGA,0.721928,5
249,AATCGATTAATCACCCCAA,0.000000,1
250,AGTTGCTTTCCTTGTTCCA,0.000000,1
251,TTCTTTCTCCACAGATCTC,0.000000,1
252,TTCGTTTGACTGAAGGTGT,0.000000,1
253,CCATAGGCCACACCAAGCA,0.000000,1
254,TTTTATCTTTAGATTTGGT,0.721928,5
255,CGTTGTACCTGGCATTTCC,0.000000,1
256,GCCTCTTATGGGAACGGTT,0.970951,5
257,ATATGTGTCTCATCGCTTT,0.000000,1
258,TTCTTTTTTTTTTCATGGC,0.000000,1
259,TTTATCTTTTAGATTTGGT,0.000000,1
260,CTTTAACTTCGTCGAGATT,0.297472,19
261,TTTTTTTTTCCCATTTCCG,1.000000,2
262,GCGACGCACATCTTTCGAT,0.000000,1
263,CGGTCCGTAAACAGATCTC,1.000000,2
264,CCAAGGCCGACACCAAACC,0.000000,1
265,TTTTTTCCAGAAATACACA,0.918296,3
266,TTGCTCCCGTGCATTTAAG,0.863121,7
267,GTTTTTCCCAAACCAGGAC,0.000000,1
268,GGCTTGTTTCATCTTTCCT,0.000000,1
269,TTGATACTTAAGCCAGAGC,0.000000,1
270,TATCTTTTGTTGATTTGCT,0.000000,6
271,GTCTGCCTCGCGAGGAGCC,0.000000,5
272,CGATCTAGGGCTGCCATAT,0.000000,1
273,GGAATCGATTTCAGGACCC,1.000000,2
274,CATGTGTATGGGTGCGCCG,0.000000,1
275,GCGCCTTCTGGGAAACGAG,0.000000,1
276,CGATCTAGGGCTGCCCATA,1.000000,2
277,ACTCCCCCCCTTTACTGCC,0.000000,1
278,GTTCTTTTTNTTTNCTGGC,0.000000,1
279,CCTTTCATTCCTATCTTAC,0.000000,1
280,TTTTTATTTCTTTCTTTTG,0.000000,2
281,TTTTTCCTCCTGCCTCATA,0.000000,5
282,TTTTTTCTCTTCTTGGTTT,0.000000,1
283,TTCTCCCTACGGGATTCCA,0.000000,1
284,ATTTTTTCGGGTGTCCTCG,0.000000,1
285,CTCCTCGTTTTTGCCTCCC,0.000000,1
286,CTCAATTTTTTTTTCGTGC,0.000000,2
287,CTCTCATTCCCAGGAACTG,0.000000,1
288,TATTATCCCTTGGTTCCTT,1.000000,2
289,TTCATGTTGCGCTCAGCTG,0.000000,1
290,GTTCCTCTAGTCGCGGTAG,0.000000,1
291,GTTTTACTCTCCTTGTTTG,0.000000,1
292,TGTTTTATGTTTATGCCGA,0.721928,5
293,TTTAGTGTCCCTGTACACG,0.000000,4
294,AGTTATTTATCGCTTCACG,0.000000,1
295,TGATGTCTGGGTCGGATGC,0.000000,1
296,GCCTACTATTGGGCAGTGA,0.000000,4
297,TCTTATTGTATTTTGTCTT,0.000000,2
298,TGTTGTTTCCCGAGTCTCC,1.000000,2
299,TCGTCTGCGCGGTCAACGC,0.000000,1
300,GATATCACCGTTCCTTAAC,0.000000,1
301,GGTTTCGGTCGGCCCTAGC,0.000000,16
302,GTTACCGCCCTGGACCAAG,0.000000,1
303,CTCCTTCGTTTTGTCTCCC,0.000000,2
304,TGTTTATGTTTTATGCCGA,0.000000,8
305,GTCTGAAATGCTGCTTGCG,0.000000,1
306,GGATTAAATTCATAGTCTC,0.000000,2
307,TGTTTTTTCCACCCAACTC,0.000000,1
308,ACTAAACTTCTCCCCCTTT,0.000000,1
309,TTTTCCTTCCTTCCTTTTT,1.000000,2
310,TTGGGTGCCGCCTCCTGTG,0.000000,1
311,GGAATCGATTTAGGGATCG,0.000000,1
312,GCCTCTATGGGAAACGGTT,0.000000,2
313,TTTTTACCGGGTCTTGATC,0.000000,1
314,TTTTTTCTCCTATGAATTT,0.000000,1
315,TTCTATTACGCAAACATCC,0.000000,1
316,TGTTTTTCCACCCCAACTC,0.000000,3
317,TATAGTTTCGTTCCGCGCG,0.000000,1
318,CCTTTCATTCCTTATCTAC,1.000000,2
319,GGGCGTCTGTTGGAATACC,0.650022,6
320,TTTTCGACGCGCGGCAGTA,0.000000,1
321,TCTTATTGTATTTGTCTTT,0.000000,3
322,GTTTTCATATGATGTGCCG,0.000000,1
323,ATTTTTCGGGTGTCCCTCG,0.000000,7
324,CTTCTTCGCCGCCAATGCC,0.000000,1
325,TACTTTTCGATTTTGCGCG,0.000000,9
326,TGATGTTACGAGTACTACC,0.000000,3
327,TCTCATTCCCAGGAACTGT,0.000000,1
328,TATAGTTTTCGTTCCCCCG,0.000000,1
329,TTTTTTTTTCCCTTTTTCT,0.000000,1
330,GATTCATTAGGTTCGCGTC,0.000000,1
331,GAGTTTACCTACAAACCGT,0.000000,1
332,ATTTTCGACGTGGTGCAGC,0.000000,1
333,NNTGTTTGACNGGGGGTGT,0.000000,1
334,AACTCTTTTTTTTTTGTTG,0.000000,1
335,ACGTTTTGGTCGTTTAGTG,0.000000,5
336,TTTTAGATTTTAAACAGGC,0.000000,2
337,TAGTTATTATCGCTTCACG,0.000000,2
338,ACGACCACTCTCATAGGTC,0.000000,2
339,GGTTCCTCCAACCTCCAAA,0.000000,1
340,ACTAAATTTCTCCTCACTC,0.000000,1
341,TTACTCTCTTCATCCGTCT,0.000000,1
342,GCCTCTTGTGGAAAAGGGT,0.000000,1
343,TTTATATCTTTCTTAGCGT,0.000000,1
344,TTGTTGTGCGGTTTGCGTG,0.000000,1
345,TTATCTTTGTTGATTTGCT,0.000000,1
346,TTTTACCGGGTCTTGATCT,0.000000,3
347,TCTTGGTTCTTTTTTGTGG,0.000000,1
348,TTTTATCTTTTAGATTTGG,0.970951,5
349,AGAAGCCTATGAATTTGCA,0.000000,1
350,GTTTACTTCTCCTTGTTTG,0.468996,10
351,CCCTTCGTTTTGTCTTCCC,0.000000,1
352,CCATGTGTATGGTGCGCCG,0.000000,3
353,GAATTGTCTTGGGCGCGTC,0.000000,1
354,CTTTTCACTTCGTCGCGAT,0.000000,1
355,NNTTTGTCTCNCGTTTCCG,0.000000,2
356,TTTATATTCTTTCTTAGCG,0.000000,1
357,GATTTCATAGGTTCGCGTC,0.000000,1
358,TTTTTCAGGAACCCCCCAA,0.000000,1
359,TTGTACCTTTACCGCTAGG,0.000000,14
360,GTTCTTTTTTTTTTCGGGG,1.000000,2
361,TTGTTCTGCGGTTTGTTGG,1.000000,2
362,TTGTTCTCAGGTTTTCTGG,0.000000,1
363,GGGTTCTCAGACCTCCGAG,0.000000,2
364,GCCTCTTATGGGAAACGGG,0.000000,1
365,TTTCCCCGACGTTCGAACC,0.000000,3
366,TTTTTTCCAAAACTACACC,0.000000,1
367,TGATACTTTAAGCCAGAGC,0.000000,1
368,TGCTCCCGTGCATTTTCAA,0.000000,1
369,TTTTATTTCTTTCTTTTTG,0.764205,9
370,CTTTTAACTCGTCGAGATT,0.000000,1
371,TTTGTTTACCGTCCACGGG,0.000000,1
372,TTTCTTCTCTTAGCTTGTA,0.000000,1
373,TTTCTAAGTTATTTTCTAG,0.000000,3
374,TTTTTCCCGAAATGCACAC,0.000000,1
375,TCTCATTGTTACGGTAGGG,1.000000,2
376,GCGACCGTGGGTAGTCAAC,0.000000,1
377,CTTTCACCCCAAATCCGGG,0.000000,1
378,GGTTCCAAGCGTCCCCCAA,0.000000,1
379,CTTATAAATTTGGACCACG,0.000000,2
380,GTTTTCCGACCGCCCGGAG,0.721928,10
381,AGTTGCTTTCTTGGTCCAT,0.970951,5
382,ATATCATATATGTTTATTC,0.000000,1
383,CCTTTCTTTCCCTGCCTAA,0.000000,1
384,ATTTCGACGTGGTGCATGC,0.353359,15
385,TTCTAGGAACGATGCTTTC,0.000000,5
386,TCTTAGTTATTTTTTGTGA,0.353359,15
387,AACTCTTTTTGTCTTGTCG,0.000000,15
388,GGTACTCGTCACGGGGGCA,0.000000,1
389,TTTTTTATTAATACCTTGA,0.000000,5
390,TTTTTTTCTTCCCCTTCCT,0.000000,1
391,GTTTTCCCAAACCAAGGAC,0.266765,22
392,TTTTTTTTTACGCAGTGTA,0.000000,2
393,TCTATTGTATTTTGTCTTT,0.000000,1
394,ACCCAATTTTTCTCCACTT,0.000000,1
395,CGTTCCTATGTTCGGTCCG,0.000000,7
396,GTGCTTTTTTGAGACATTA,0.000000,13
397,CTTTATAATTTGGACCACG,0.000000,1
398,TTATCTTTTGTTGATTGCT,0.000000,2
399,CGGTCCGTCCACCGATCTC,0.000000,1
400,TGGGCCTCCATGTCTCATC,0.000000,1
401,TTTTTTTCTCTGATGAGTT,0.721928,5
402,GGATGTTTCAGGACACTCC,0.000000,1
403,TTGAGTGTAGTTTCATATT,0.000000,3
404,TTTTTTGACCAGGGCGAAC,0.000000,21
405,CGTTTTTACCCTACCCTGT,0.413817,12
406,CCTCTATTGTAGGAAGGGC,0.000000,1
407,CCCTTTCCCACTCGATCAA,0.000000,1
408,CGTTCCTAATGTCGGTCCG,0.000000,1
409,GTGTTAGCCGGTTTGCTGG,0.000000,1
410,ATGACTCTCTTTGGTCCGC,0.918296,3
411,CTCCTTCGTTTGTCTTCCC,0.000000,8
412,TGATGTCTGGTCGGGCTGC,0.000000,1
413,GTACTCGTCACGGGGGTAG,0.000000,2
414,TTGCATTCGTCGACCCCAA,0.000000,1
415,TTTTTAGGGACATCACGAG,0.000000,6
416,ATGTCTAGAATCGTCTGAG,0.000000,1
417,CTTTTCTCCTTAATATGGA,0.000000,6
418,TGCGGGGACGGGGCGCCAC,0.000000,1
419,TTGTGCATTACCGAGGCTG,0.000000,2
420,TGATGTCTGGTCGGATGCT,0.918296,3
421,TATTATAATTACTTGCCTA,0.000000,2
422,TTGTTGTGCGGTTTTCTGG,0.000000,1
423,ACTCAACTTCTCCCCACTT,0.000000,1
424,ATTTACCTTTCTTACCGGC,0.918296,3
425,TTTTTTTTCCCCAGTTTCA,0.000000,1
426,GTTCCTCTTAGTCGGGTAG,0.000000,1
427,TTTCGACGCGCGGCAGTTA,0.391244,13
428,TACTTTCGATTTTTGCGCG,0.000000,1
429,CGATCTGGGCTGCCCATAT,0.000000,1
430,TATTTGAGTTTGCTCGCCG,0.000000,1
431,TCGTTGTGCTTTCCATTCG,0.764205,9
432,TTTTTTTTCCTCCGTTTTA,0.000000,1
433,CCATGTGTATGGTTTCCCA,0.000000,1
434,TTTGTTACCGTCCCACGGG,0.000000,3
435,TGAATACCTTTCGACAACA,0.000000,1
436,GTTTCATATTGATGTGCAG,0.000000,7
437,CATAGGCCGACACCAAGCA,0.000000,2
438,TTGTCTCTTACGGCCTTGG,0.000000,3
439,AACTCTTTTTTGTCTGTCG,0.000000,1
440,TATTATATTACTTGCCTAA,0.000000,3
441,TTTTTTTTCACGCATTGCA,0.000000,1
442,GGTACTCGTCACGGGGTAG,0.000000,5
443,CTCACTTGCCATGGTGAGC,0.000000,1
444,TTTTTATTTCCTTCTTCCT,0.000000,1
445,TCTATCTTCTTGGTCACAA,0.918296,3
446,TAGTCTCCTTGGGCAACTT,0.000000,1
447,GGTTCTACGCGTCCACGGA,0.000000,1
448,GTGTCAATTGGATGTGGGG,0.000000,1
449,CTGTCCAACGATAGCGGCG,0.000000,2
450,CGGNNCGTNAANANNTCNC,0.000000,1
451,CTCTCATTCCAGGAACTGT,0.918296,3
452,GGTTCGACGCGTCCCAGGC,0.000000,1
453,CGTTCCTAGGTTTGGTCCC,0.000000,1
454,TTGTCTCTTTACGGCCTTG,0.000000,1
455,ACGTAAAACCTCGAACCGC,0.000000,2
456,ACTAAATTTCTCCTCCGTT,0.000000,1
457,TCTTGCCGTTCAGAGCCTA,0.000000,1
458,ACTCTTTTTTGTCTTGTCG,0.000000,1
459,TTTTAGTGTCCTGTACACG,0.000000,1
460,ACTCAATTTCTCATCCTTC,0.000000,1
461,TTGTTNTNCGGNTTGCTGG,0.000000,1
462,TTTTTTTTCCGCAATTTGA,0.000000,1
463,TGCCTTACGATACTCAAAT,0.000000,1
464,TTGTAGTGTCATTTTCCCCT,0.543564,16
465,TTGTAGTGTCATTTTCCCTT,0.650022,6
466,TTGTAGTGTCATTTCCCCCT,0.954434,16
467,TTGTAGTGGCATTTCCCATT,1.000000,4
468,GTTTTCCTTCTCCTTGTTTT,0.000000,12
469,GTTTTCCTTCTCCTTTTTTT,0.930586,26
470,GTTTTCCTTCTCCTTTTTTG,0.413817,12
471,TCGGTTGCCTTGGCTAACGT,0.049044,365
472,CCTTTCCTTCCTTCTCTTCC,0.715826,198
473,CCTTTCCTTCCTTATCTTAC,0.875663,220
474,CCTTTCATTCCTTCTCTTCC,0.153205,226
475,CAAAGACAGGGTTCACACCA,0.018464,1149
476,GTCTTTCCTTAACCGAGGGA,0.024632,1644
477,GACTTTGGTTTCCATCGCAC,0.018439,2877
478,AATCGAGACGGGTGATCCTG,0.016222,3336
479,AGGTTTACCTGCGGCTAAAC,0.015998,3390
480,TATTTTTAAGATGCTCGCTC,0.025260,3592
481,TCTATCTTCTTGGTCACAAA,0.031172,4056
482,ATTTAAATTTTTCTGTGATC,0.018876,4480
483,TTTTTACCGGGTCTTGATCT,0.026257,5722
484,CCTCTATTGTTAGGAAGGGC,0.027550,5770
485,TCTTAAATTACAAGACCTTG,0.022524,5930
486,GTTCGCTTCAACCTAAGGCC,0.021001,6433
487,GTTCTTTTTTTTTTCCTGGC,0.383646,6536
488,GAGTTGATGCCGATGGGGGG,0.026064,6541
489,TTTTTCCTTGGTTCGCATCG,0.020262,6706
490,GCTTCTAAGTTCGACCCTAC,0.026610,6760
491,GTGGTTCTATCTCTTCGTTC,0.081347,6942
492,TTTAGTTCTCCTTTTCGAAG,0.014297,6946
493,TCATCTCAACGATACTCCAG,0.015656,6951
494,TGCGGGGACGGGGCGCCCAC,0.020596,7086
495,ATGTCAATCCACAAATAACA,0.020574,7095
496,GGCGATTTGTCATGTCGTGC,0.025913,7748
497,TCGCGCTTCATTGTTCGACC,0.024397,7897
498,TATCTGATTGGGACGGACTA,0.020952,7939
499,GTGTCTTGTCCCGGCGGGAT,0.123974,8081
500,TCTTGAACGTTCTATAGCGC,0.030177,8103
501,GTTCGTCGAGTTATGATTGG,0.017007,8213
502,GGAATCGATTTTAGGGATCG,0.019797,8479
503,TTTTCCCCGACGTTCGAACC,0.021751,8551
504,CTTTTTCTCCTTAATATGGA,0.131313,8618
505,TTTCTTCTCTTAGCTTGTAA,0.035912,8716
506,TTTTTTTGACCAGGGCGAAC,0.022371,8736
507,CTCATTTTGAACTGTTCGGC,0.017099,8790
508,GGTTTTCGGTCGGCCCTAGC,0.022971,8917
509,TGGCGCAAAGCGAAGCGGGC,0.014630,9019
510,TGTTTTTTCCACCCCAACTC,0.019635,9095
511,TTTTTCTTTGACGATTTACG,0.039505,9203
512,TCGTCTGCGCGGTTCAACGC,0.016249,9323
513,GTGCAGCTCTGATAGCATCC,0.020028,9411
514,GTGCCTTACGATACTCAAAT,0.020869,9471
515,TTTTTTCCTCCTGCCTCATA,0.026311,9514
516,GTCACTTCTGCGAATTCACA,0.014721,9701
517,ACGTTTTTGGTCGTTTAGTG,0.024047,9722
518,TCGACTATCAGCTCAGACCC,0.017563,9740
519,GCCGCACCTGCGTACCGCCC,0.016550,9780
520,TATTCAAGCTTATGCCGTGA,0.021928,9883
521,TATTTCCAACTTTTGAGTCT,0.019164,9905
522,ATGTCTAGAATCGTCCTGAG,0.014263,10060
523,GTGTCAATTGTATTTCGGGG,0.093644,10268
524,GTGCTTTTTTTGAGACATTA,0.083084,10438
525,CTGTTTCTTCTTTCAGCTGC,0.114579,10476
526,TTTTAGATTTTAAAACAGGC,0.028127,10559
527,GTCGCGAACTTCTGCCGTCC,0.018964,10583
528,ACGTAAAAACCTCGAACCGC,0.017907,10714
529,TCGTATCCGATAGCTTCTCC,0.019605,10719
530,AATCCTTGCACATGTTTCAT,0.017782,10801
531,GTATATCACCGTTCCTTAAC,0.023467,10872
532,TTTTTCTTTGGTGGGTCTAT,0.039190,10958
533,CCATTTTCCGGTGGTCGTCG,0.022255,11102
534,TCTTAGTTATTTTTTTGTGA,0.042090,11164
535,CACTTTAACCTCGGTCGCCA,0.020274,11341
536,CGTTTTTTACCCTACCCTGT,0.038752,11346
537,GCACCACTGGGGACCCTGAC,0.029416,11355
538,TTTTGGTGGGTCTTCCAACT,0.027609,11511
539,TTTTTTTATTAATACCTTGA,0.054774,11514
540,GTTTTTCCGACCGCCCGGAG,0.019593,11799
541,GTTTTTCTTAGGAGTTAATC,0.075467,11843
542,TTACTCTCTTCATCCGTACT,0.023961,11885
543,TTGTGCATTTACCGAGGCTG,0.050472,11992
544,GAAAACTTCTCCCCACAGAG,0.014613,12041
545,AGTCCCAATTGGATGCGGGG,0.017696,12069
546,ATGTATATATTTTCGTCCGC,0.016866,12120
547,ATTTTTTCGGGTGTCCCTCG,0.014320,12325
548,TTTCTTAAGTTATTTTCTAG,0.023300,12717
549,GCGACCGTGGGGTAGTCAAC,0.025667,12927
550,TTGGGTGCCGCCTCCTGGTG,0.028930,12941
551,TTTTTTAGGGACATCACGAG,0.034241,13410
552,AATGGGGCGGGTTCTGGTCT,0.013034,13733
553,ATAAAGGGGACTACCTTCTC,0.014700,14202
554,TTTATATTCTTTCTTAGCGT,0.034450,14424
555,ATGTATCACTCTTCACCTGG,0.017266,16142
556,TTCTATTTACGCAAACATCC,0.026428,16279
557,GTCTGAAATGCTGCTTGCGT,0.014024,16570
558,GTTCCCGTGACCGGCCCCCG,0.021225,16618
559,GAACATTTGCGACCATCAGG,0.014096,17258
560,TCGTTCGTTCTCAGTCCTGT,0.025319,18309
561,CTGTTCGTCCGGCGACTCGG,0.014101,18819
562,GTTTTTCCCAAACCAAGGAC,0.019132,19297
563,GGGCGTCTGTTTGGAATACC,0.021426,19822
564,CTTGCAATCCAGAGTCCGGG,0.016330,19864
565,TGGCGTCTCATTTGGCCCAC,0.038253,20101
566,ATGACTCTCTTTTGGTCCGC,0.015035,21121
567,TAGTCTCCCTGGGCGAACTC,0.010685,22634
568,TCTTGCCGTTCCAGAGCCTA,0.054412,23373
569,GGGCTTGTTTCATCTTTCCT,0.100460,23506
570,TGCCATTGGGTCGCATGTGC,0.016325,23845
571,TTTGTTTACCGTCCCACGGG,0.019905,24224
572,TTGTTAAGGTCAGGGTTCTG,0.025424,24955
573,CCATAGGCCGACACCAAGCA,0.013657,25218
574,CTCACTTGCCATGGGTGAGC,0.018366,25434
575,TTGTTCATTAGGCCAAGCAC,0.024892,28014
576,TTGTGACAATTCGCGTGCGC,0.015879,30091
577,GGGTTCTTCAGACCTCCGAG,0.020979,30717
578,GTCTGCCTCGCGAGGGAGCC,0.066480,30785
579,CTGTCCCAACGATAGCGGCG,0.017488,31811
580,ATTTACCTTTCTTTACCGGC,0.042862,33420
581,TACTTTTCGATTTTTGCGCG,0.021388,33911
582,TGAATACCTTTTCGACAACA,0.014418,34395
583,TGGCTTTTTTGGGCCCCCGT,0.016745,35378
584,CCATGTGTATGGGTGCGCCG,0.022618,36316
585,ATATGTGTCTCCATCGCTTT,0.020002,36654
586,TTGCTCCCGTGCATTTTAAG,0.019988,37733
587,TTTCGTGTCGCGGAGAGCGG,0.018986,37824
588,AATCGATTTAATCACCCCAA,0.021716,38077
589,ATATCATTATATGTTTATTC,0.020289,38113
590,TGTTGTTTCCCGAGTCTTCG,0.016175,38158
591,TTGTACCTTTTACCGCTAGG,0.051193,38319
592,GCGATCTGTACCATTGCCAG,0.019678,38423
593,TTCATGTTGCGCTCCAGCTG,0.015886,38961
594,GTTCCTCTTAGTCGCGGTAG,0.021655,41067
595,TAGTTATTTATCGCTTCACG,0.028736,41190
596,CCACATCTGTTGCAACTTGG,0.040403,41360
597,TCTCATTGTTACGGTAGGGT,0.026958,41428
598,TTGTCTCTTTACGGCCTTGG,0.064326,41788
599,GGATTAAATTCATAAGTCTC,0.016978,42414
600,TTTTTTTCTCTGATGAGTTT,0.031798,43281
601,CTTTTAACTTCGTCGAGATT,0.033996,43389
602,CGATCTAGGGCTGCCCATAT,0.012972,44876
603,TTGTAGTGTAGTTTCATATT,0.291049,45480
604,TATTATAATTACTTGCCTAA,0.020271,45887
605,TATAGTTTTCGTTCCGCGCG,0.062455,46716
606,TTATTTGAGTTTGCTCGCCG,0.014798,47472
607,AGTTGCTTTCCTTGGTCCAT,0.022231,47706
608,ATACTACGTTACTCACACGA,0.015758,48296
609,TTTTTTTTTACGCAGTGTAA,0.155407,49095
610,GTTTTCATATTGATGTGCAG,0.034287,50209
611,TTTTAGTGTCCCTGTACACG,0.025377,51208
612,GGATGTTTCAGGACACTCCC,0.015617,51585
613,GTTACCGTCCTGGGCCGAGG,0.013549,51720
614,ACGACCACTCTCATAGGTCC,0.019723,53222
615,TCGTTGTACCTGGCATTTCC,0.016903,53448
616,CTCAATTTTTTTTTCGTGTC,0.048526,53599
617,GTTTTACTTCTCCTTGTTTG,0.034997,53640
618,ACATGCAGTGTAAATTAACG,0.016619,53855
619,CTTTATAAATTTGGACCACG,0.024767,54316
620,GATTTCATTAGGTTCGCGTC,0.021185,54863
621,GTTCCTGGTCTAGTACTCCC,0.017028,55517
622,GTGCGTAGCGAGTTCGGTCC,0.016681,55564
623,TGATGTCTGGGTCGGATGCT,0.013058,56530
624,ACTTTCTGTCTCAATACCGG,0.020075,56834
625,TTCTAAGGAACGATGCTTTC,0.035111,56960
626,GAGTTTACCTAACAAACCGT,0.023105,57127
627,TGATGTTACGAGTACTAACC,0.014068,57395
628,CCTTTCATTCCTTATCTTAC,0.094840,58107
629,CTAAAGGTTAAAGCTTCGCT,0.012190,58391
630,AACTCTTTTTTGTCTTGTCG,0.014571,58898
631,TTTCCTGGAGTGTGCAGGCC,0.027147,59436
632,TCGTTGTGCTTTTCCATTCG,0.034311,59644
633,CTCTCATTCCCAGGAACTGT,0.015823,59739
634,AGAAGCCTATGAATTTGCCA,0.044323,59908
635,TTTTCGACGCGCGGCAGTTA,0.018852,60009
636,CCGTTACGATTTGCTGCGCC,0.016661,60168
637,GTTCTTTTTTTTTTCATGGC,0.010034,60218
638,CTCCTTCGTTTTGTCTTCCC,0.013769,60439
639,TTTTTATTTCTTTCTTTTTG,0.040375,63241
640,GCAGTCACTGCCCTTCAGAC,0.013641,63536
641,GAATGCCTCTGTACGCGGCG,0.014138,64101
642,TTGCATTCGTCGGATCCAAG,0.014102,64291
643,TTTTATCTTTTAGATTTGGT,0.050933,64721
644,GCGACGCACATTCTTTCGAT,0.017505,64771
645,GAATTGTCTTGGGCGCGTCT,0.013958,65847
646,GAACCACCGAGTACATGGCT,0.021945,66297
647,TGTTTTATGTTTTATGCCGA,0.042297,66378
648,TCGGACTCGTGCTTATGATA,0.025991,67943
649,GCCTAACTATTGGGCAGTGA,0.091278,69862
650,GGTACTCGTCACGGGGGTAG,0.037984,71190
651,TTGATACTTTAAGCCAGAGC,0.018661,71503
652,CTTCTTCGCCGCCAACTGCC,0.019751,75986
653,TTATCTTTTGTTGATTTGCT,0.024694,77454
654,CGTTCCTAATGTTCGGTCCG,0.016242,77953
655,TATTATCCCTTGGGCTATTG,0.024089,80991
656,ATTTTCGACGTGGTGCATGC,0.033879,81473
657,GCCTCTTATGGGAAACGGTT,0.106943,83846
658,ACTCCCCCCCTTTACTGCCC,0.042963,92930
659,TCTTATTGTATTTTGTCTTT,0.030267,102708
660,TTTTTTCCAGAAATACACAT,0.021092,114718
661,ACGCCGTAGAGCCTCAGTGC,0.014126,143981
662,ATAANGGNGACTACCTTCNC,0.000000,1
663,TTTCTTCCCACCCTCCCCAT,0.000000,1
664,CCCTTCACTCCCTACCTTCC,0.000000,1
665,CTTTAAATTTCTCTGCCGTC,0.000000,1
666,AACTCTTTTTTTTTCTTTTC,0.000000,1
667,CTCTCATTCCCAAGACCTGC,0.918296,3
668,GCGCCTCCCATTTTTCCGAC,0.000000,1
669,TTGCGGTGTAGTTTCATGTT,1.000000,2
670,ACACCACGCTACTCACACGA,0.000000,1
671,CACTACAATTACTTGCCTAA,0.000000,1
672,AAGATAATTATCGCTTCAAG,1.000000,2
673,NTGNCTCTTTACGGCCTTNG,0.000000,1
674,TTTTAGCTTTTACAACATCC,0.000000,1
675,NAGNTGATGCCGATGNGGNG,0.000000,1
676,ATTATCAACGTGGTGAATAC,1.000000,2
677,ACGNCGTAGANCCTCAGTNC,0.000000,1
678,TAATGCCTGTGTCGGCTGCT,0.000000,1
679,NTTNGCTTCAACCTAAGGNC,0.000000,1
680,NGGNGTCTGTTTGGAATANC,0.000000,1
681,TTGCCTCCGTCGACTCCAAG,1.000000,2
682,GNCTNCCTCGCGAGGGAGCN,0.000000,1
683,GTTTTCGACGCGGTGCACGC,0.000000,1
684,TTGGGTTCCGCCTCCCAATT,0.000000,1
685,CTCCAGTTTCCCTCTCCACG,0.000000,1
686,TTTTTTTCTTCACACCCTGA,0.918296,3
687,TTGTACCTTTTCCCCCTCAG,0.811278,4
688,TTTTTTTTTACGCATTTCAC,0.970951,5
689,GNATNAAATTCANANGTCTC,0.000000,1
690,ACACTACGTCACCCACACGC,0.000000,1
691,CCTTTTCTTTCTTTTCTTAC,1.000000,2
692,GTTCTTTTTTTTTCCTGGCC,1.000000,4
693,CCTCTCTTATTCGACCGGGC,0.000000,1
694,TAGTCTCCCTGTTCAAACTC,0.000000,1
695,ACTTTNTGTCTCNNTNCCGG,0.000000,1
696,CCACAGACCAACACCAAGCA,0.000000,1
697,CTTNATAANTTTGGNCCANG,0.000000,1
698,TCTTCTCGTATCTTTTCTTT,0.000000,1
699,TTCTCTCTTTTCGCTTTAGC,0.000000,1
700,TTATNTGNGTTTNCTCGCCN,0.000000,1
701,TACAGTTCTCGTTCCGCGCA,0.000000,1
702,TTGTAGTGGCAGTTTCCATT,0.000000,1
703,GTTCTTTTTTTTTTTCTGTT,0.845351,11
704,TTGTCTCTTATTAATTTACC,0.000000,1
705,CGATACTAATGTTCGGTCAG,1.000000,2
706,CTCATCTTCCCCTCTTTTTC,0.000000,1
707,TTTCTTCTTTTTTCCGCCGC,0.000000,1
708,CTTTATCCATTTGGCCCACG,1.000000,4
709,TTTTTCCCATTCACGTGCAG,0.000000,1
710,TCTTTTTCCCTGATGCGTTT,0.000000,1
711,GNCTANCTNTTGNGCANTGN,0.000000,1
712,ANTTGNTTNCCTNGGTNCAT,0.000000,1
713,TGGCTTTTTTTGGTCCCCGG,1.000000,2
714,TNTGTNTANCGTNCCANGGG,0.000000,1
715,TNGTTNGTNCTCAGTCCTGT,0.000000,1
716,TNGTANCTNTTACCGCTAGG,0.000000,1
717,GTGCCTTCCGAGGCTCCAAC,0.000000,1
718,GTTCNTGNTCTAGCNCTCCN,0.000000,1
719,GCCCCCGTGACCGACCCCCG,0.000000,1
720,GTTCTTTTTTTTTCACGGGT,0.000000,1
721,TTTCTTCCTTTATTTTCCAT,0.000000,1
722,TATTATCACTCCTTTCCCCA,0.000000,1
723,ACCTACCCCCCTCGAACCCC,0.000000,1
724,ACGCCGTAGAACCCCAGTAC,1.000000,2
725,TTTTTTCCAGAAACCACCCC,1.000000,2
726,TTGNATTCNTCGGATCCANG,0.000000,2
727,GGTCCTCGTCAAAAGGGTAG,0.000000,1
728,TTTTTTCCGCGCGGCAGTTC,0.811278,4
729,TTTTGTCCTTCATACCTGGC,0.000000,1
730,GTTTTTCCCACCACCCAGAG,1.000000,2
731,GCCCCCCCTAGTCGCTGTCT,0.000000,1
732,TTTTTCCCGTGCCTTTCCCG,0.000000,1
733,CCGTCCAAACCTCGACCCTC,0.000000,1
734,TCTTCTCCTCTGCTACGTTC,0.000000,1
735,AANTCNNTTNTNTCTNGTCG,0.000000,1
736,GCNTCNNATNGNAAANGGTT,0.000000,1
737,TCGTGTTTTCTTGTTTGACC,0.000000,1
738,GGTTTTTTGTTGGCCCTAAC,0.000000,1
739,CTGTCCCAACGCTCGCGACT,0.000000,1
740,TCTNGCCGTNCCAGANCNTA,0.000000,1
741,CTTNTTCGCNGCCNANTNNC,0.000000,1
742,CACNTTAACNTCGNTNGNCA,0.000000,1
743,GCCNCTTATNGGAAANGNTT,0.000000,1
744,TTTCGTGNCGCGNAGAGCGN,0.000000,1
745,ACATACAGTGTANATTCACN,0.000000,1
746,GGGTTCTTCAGANCTCCAAN,0.000000,1
747,CTTCTTCGCCGCAAACTACA,1.000000,2
748,TTGTATTCGTCGNATCCAAN,0.000000,1
749,ACGCCGTAGAGGNTCAGTGN,0.000000,1
750,TCTCATTGTTAAAGTCGGGT,0.918296,3
751,NGCTGAAATGGTGCTTGCGT,0.000000,1
752,NNATTTTCCGNTGGTCGTCG,0.000000,1
753,NNTCGATTTANTCACCCCAA,0.000000,1
754,AAGTTCGTCCAGCGACTCGG,1.000000,2
755,ANNTTCTGTCTNAATACCGG,0.000000,1
756,NNATCTAGGGNTGCCCATAT,0.000000,3
757,NNTTTCATATNGATGTGCAG,0.000000,4
758,NNTTACCTTTNTTTACCGGC,0.000000,1
759,NNACATCTGTNGCAACTTGG,0.000000,2
760,AAGACCGTGGAGTAGTCAAC,1.000000,2
761,NNCTCATTCCNAGGAACTGT,0.000000,4
762,NNTTTCTGTCNCAATACCGG,0.000000,4
763,NNAGTCACTGNCCTTCAGAC,0.000000,4
764,AATTTTTCTCAGATGAGTTT,1.000000,4
765,ANNCGATTTAANCACCCCAA,0.000000,1
766,AATACCGTCCAGGGCCGAGG,0.721928,5
767,NNGTTCTTCANACCTCCGAG,0.000000,1
768,NNTTGTTTCCNGAGTCTTCG,0.000000,1
769,NNTATCTTCTNGGTCACAAA,0.000000,1
770,NNTTTCATTCNTTATCTTAC,0.000000,2
771,AATTTACTTCACCTTGTTTG,0.985228,7
772,NNATGCCTCTNTACGCGGCG,0.000000,6
773,AATTTTTTTAAGCAGTGTAA,1.000000,2
774,NNTTGCCGTTNCAGAGCCTA,0.000000,2
775,NNCTTTTCGANTTTTGCGCG,0.000000,2
776,NNAAAGGGGANTACCTTCTC,0.000000,1
777,NNCTAAGGAANGATGCTTTC,0.000000,6
778,AATCCCGTGAACGGCCCCCG,1.000000,2
779,NNCAATTTTTNTTTCGTGTC,0.000000,4
780,NNTTTTATGTNTTATGCCGA,0.000000,4
781,AAGTACCTTTAACCGCTAGG,1.000000,8
782,NNTTTTCCAGNAATACACAT,0.000000,10
783,AATTCGACGCACGGCAGTTA,0.918296,9
784,NNAATACCTTNTCGACAACA,0.000000,3
785,NNTCCCCCCCNTTACTGCCC,0.000000,8
786,NNGCTTTTTTNGGCCCCCGT,0.000000,3
787,NNACTCTCTTNATCCGTACT,0.000000,4
788,CGTTTAACTTAGTCGAAATT,1.000000,2
789,GGGTCAATCCNCAAATAACA,0.000000,1
790,CTTTCTAAATTTGACCCCCG,0.000000,1
791,CTTTTCCCTCTGCCGAGCTT,0.000000,1
792,TAGATATTAAACGCTTCACG,1.000000,2
793,CTCTCATTCCCCTGCACCGT,0.918296,3
794,AACTCTTTTCTTTCTTGTCT,1.000000,2
795,GTGCTTTTTTTGAAGCACTA,1.000000,2
796,AGAAGCCTATGAATCCACCA,0.000000,1
797,CTNNCCCAACGATAGCGGNG,0.000000,1
798,TTTTTTTTTCAGCCATTTCA,0.918296,3
799,TTTTTTTTTAGGAAGGGCAC,0.000000,1
800,AAGTAGTGTAATTTCATATT,0.979869,12
801,GTGTCCAGTGTCTTTCGGGG,1.000000,2
802,GCGTTTATCTCACCCACTTT,0.000000,1
803,TTTTTTTTCCAACAGGTCAG,0.000000,1
804,GTCTGCCTNGCGNGGGNGCC,0.000000,1
805,TTTTTCCTTCCTTCCTTTTT,0.000000,1
806,GTCTGAAATGCTNCNTGCNT,0.000000,2
807,CTTTTCCCTCCTTCGCAACT,0.000000,1
808,TGTTATTGTATTTTATGTTC,0.000000,1
809,TTCTCAGGAACGATACCCTC,0.000000,1
810,GTCTCTCACCATTCCCCCCC,0.000000,1
811,CTGTTTCTTCTCCCCGCTTC,0.000000,1
812,NTANTCTNTNCATCNNTNCT,0.000000,1
813,NGTNCCTNANGTTCNNTNCG,0.000000,1
814,TTTCCCCTTTCAGCCCGAGC,0.000000,1
815,CTTCTTCCGTTCTTTTCTAG,1.000000,2
816,TTGTGGCACGTTGCGTACAC,0.000000,1
817,CCGTAACAACCCCGACCCTC,0.000000,1
818,GNCTANCNATNGNGCAGTGA,0.000000,1
819,TTTTTNCNAGAANTACACAT,0.000000,1
820,TCCCCCCCGAGTCCCTAACT,0.000000,1
821,GTCGCAACCTCCTGCCGTCC,0.000000,1
822,TATTNTAATNACTTNCCTAN,0.000000,1
823,AGAANCNTANGAATNTGCCN,0.000000,1
824,GTTTNTCTTAGGNGNTAANN,0.000000,1
825,TCTCTTTTTCATTCCGCGCG,0.000000,1
826,TTATCGTCTAACGATTCACT,0.000000,1
827,TTGTCCCCACGCTAGCTGCG,0.000000,1
828,TGCCTCCCCTTCCACCACCA,0.000000,1
829,TGCAGGGACGGGGCACACAC,0.000000,1
830,CCTTTCATTCCCCCCCCCAC,0.000000,1
831,TTTTCAACTTCGTGGAGATT,0.000000,1
832,TTTTTTTCTACGCCGTACAA,0.000000,1
833,TTTTTTCAAGACATCCCGAG,0.000000,1
834,AGGGTTCTGTAACAGATCTC,0.000000,1
835,TCATCTNAACGATANNCNAN,0.000000,1
836,TTGTAGTGTAGTTTTCCTCT,0.991076,9
837,AACCGATCCAATCACCCCAA,0.000000,1
838,CTGTCCCAACNATCGCTGCG,0.000000,1
839,TCTTCTAATTCCTTGCCCAC,1.000000,2
840,TATTATACCTCCTTCCCTCA,0.000000,1
841,TTTTTTNCAGAAATANACNT,0.000000,1
842,TTTTTTTTTGCCTCGTTTAC,0.000000,1
843,CATCGATTTAATCACCCCCC,0.000000,1
844,GCCTCCTCTAGGCCCACGTC,0.000000,1
845,TTGCCTTCGTCTGCTCCAAG,0.000000,1
846,TTTTATATTTTGGATTTGGC,0.000000,1
847,CTTTCTAAACTTGGACCCCA,0.918296,3
848,CCTCCCCCCATCTCCTACCC,1.000000,2
849,TTTTTTTTTAGGCATTGGAC,0.000000,1
850,GTTCTTTTTTTTTCTCCGAC,0.000000,1
851,GCCTTCATATTGATGTGCCG,0.000000,1
852,TTTTAGTGTCCANATACACG,0.000000,1
853,TCTTAAACTCCAAGACCCCG,0.000000,1
854,GAACCACCGAGTACAAAACT,0.000000,1
855,TGAATACCTTTTCGACANNN,0.000000,1
856,GTNTGAANTGCTNCTTGCGN,0.000000,1
857,CCATGTGTAGATGTGTGCAG,0.000000,1
858,ACNTTCTGTCTCAATNCCNG,0.000000,1
859,GNTANCGTCNTNGGCCNAGN,0.000000,1
860,ACGANCACTNTNATAGNTCN,0.000000,1
861,GCACNACTGNGGACCCNGAC,0.000000,1
862,TNTTNTATGNTNTATGNCGN,0.000000,1
863,CCGTNACGANTTGCTGNGCC,0.000000,1
864,CNCCNTCGTNTNGTCTNCCN,0.000000,1
865,GAACAAACGAGAACATAGCA,1.000000,2
866,TTGANACTTNAAGCCANAGC,0.000000,1
867,GGATGTCTCTTTGCACTCCC,0.000000,1
868,TTTTTTTTCAGCCATTGCAC,1.000000,2
869,TCTCCTAAAGTCTACCCTCC,0.000000,1
870,CTATTACGTTACTCACCCGC,0.000000,1
871,CTCNTTCGNTTTGTCTTCNC,0.000000,1
872,TTTCGTTGAGTGTTCCAACC,0.000000,1
873,CTTTTAACTNCGTCNAGATN,0.000000,1
874,CCCCCCCCCCGCTACTCCCT,0.000000,1
875,CTGTCTCCCTCTTCACCTTG,0.000000,1
876,TTTTTCATGTTTTCTGCCTC,0.000000,1
877,TTTAGTTCTCCTTTCCGCCG,1.000000,2
878,TCGGCCCCGTGCCTCTTACA,0.000000,1
879,GTTCCTCTTCGTCGCGATAT,0.000000,1
880,ACTTTCGCCGTGTTGCATAC,0.000000,1
881,CTTTTCCCTTCGTCGCGCCT,1.000000,2
882,ACGTTTTTGTTTGTTTATTT,0.000000,1
883,GTTTTTCCCAAACCCCAACC,0.000000,1
884,GCACACTTGCGACCATCCGA,0.000000,1
885,TCATCTCCCCGCTCCTCACC,0.000000,1
886,CCTTTCCTCCCTCCTCTCCC,0.000000,1
887,GTGTTCTTTCCCCGGGGGGC,0.000000,1
888,TTTTTCCCAGACCTCGACCT,0.000000,1
889,TTTTTACTTCTCCTCGTGTG,0.000000,1
890,TTCCTGCTTCGCTCCCGCTG,0.000000,1
891,TGTTTCATGTTTCCTGCCAC,1.000000,2
892,TCGTGCCCATTCGTGTGCCC,0.000000,1
893,TTTTTTTTTCGACAGTTCAC,0.000000,1
894,GTGTCCTATCCCAGCAGGAC,0.000000,1
895,ATTTTCGANNTGNTGCNTNC,0.000000,1
896,TTCTTTCGAGCCATCCACAT,0.000000,1
897,CCTCGCCCCCTTTACTTCAC,0.000000,1
898,ACCTGCAGCGTAAATTAACA,0.918296,3
899,GTNCNTCTTAGTCGCGGTNG,0.000000,1
900,ATNTNTCACTCTTCACCTNG,0.000000,1
901,GACCCCCCGAATACGTGTCT,0.000000,1
902,GTGTCCTGTTCTTGCGGGAT,0.000000,1
903,ACATGTCGTGTAAATGACCG,0.000000,1
904,NNGTTCGTTCNCAGTCCTGT,0.000000,1
905,GANCCACCGAGTACATNGCN,0.000000,1
906,GAGCTAGTTCCCTCTTCACG,0.000000,1
907,TTTTTTTTTCCGGAATTGCA,1.000000,2
908,TCNTTGTACCTGGCATNTCN,0.000000,1
909,TAGTTCCTTCTCACCTCACA,0.000000,1
910,GCGACGCACATTCTCTCTAC,1.000000,2
911,CTCTCTGAATTTGGCCCACG,0.000000,1
912,TNGNGCNTNTACNGAGGCTG,0.000000,1
913,CCGCGCTTCACCGTTCGACC,0.000000,1
914,TTGTCACGTCCCTTGCTCTT,0.000000,1
915,CCGAACTCGTGCTTACGATA,0.000000,1
916,TCATCACAAAAATACTCCAG,1.000000,2
917,NTAAAGGNTAAANNTTCNCN,0.000000,1
918,NCGACCACTCTCNNAGGNCN,0.000000,1
919,NCTCATTGTTACNNTAGNGN,0.000000,1
920,NCTCTATTGTTAGGAAGNGN,0.000000,1
921,NTGTCCCAACGATAGCGNCN,0.000000,1
922,NAGTTTACCTAACAAACNGN,0.000000,1
923,TTTTTTTTCAACAAGTGCAC,1.000000,2
924,CTGCTCCCGTTCATTTCACG,0.000000,1
925,CCTCTATTTTCAGAAAGGGC,0.000000,1
926,TCGGACTCACGCCTCTGATA,0.000000,1
927,GCCTAACTCCTCAGCAGTTA,0.000000,1
928,GTTNNTCTTAGNCGCGNTNG,0.000000,1
929,CTAACTTGGACTACGTTCTC,0.000000,1
930,NNTTATTGTANTTTGTCTTT,0.000000,5
931,TTACAGGGACCGACGCTTTC,0.000000,1
932,ATTTCCAAAATCGTACCTAC,0.000000,1
933,TTTTTCAGGTCCGGGTTCTT,0.000000,1
934,CNACATCTNTTGCAANTTGG,0.000000,1
935,ACGTCTCAAATCGTCCTGAG,0.000000,1
936,GTTTTTCCTCCCGCCCAGAA,0.000000,1
937,CTTTTCACTTCGTCTCTCCT,0.000000,1
938,CCCTCCATTCCTCCTCTCCC,0.000000,1
939,TTNGTTTACCGNCCCACGNG,0.000000,1
940,ATTAAGGTCCTGGGCGGAGG,0.000000,1
941,TCTTCGATTTTCAAGCAGGC,0.000000,1
942,TTATNTTTTNTNGATTNGCN,0.000000,1
943,CGACCTAGTGCTACCCATAT,0.000000,1
944,GTTTTCAAGGTGGTGCCTCC,0.000000,1
945,GCCTCCCCATTGGGCCGTGA,0.000000,1
946,TGATGTTACGCGTACCACCC,0.000000,1
947,TCTTCTTACCTTTCATCTCC,0.000000,1
948,TTTCCTGGAGTCCGCAAGAC,0.000000,1
949,GTTACNGTCCTGNGCCNANG,0.000000,1
950,GTGCTTTTTTTTAAACCCTC,0.918296,3
951,CCGTCCCCACGATAACGGCG,0.000000,1
952,CCATTCAGGTTTGCTGGCCC,0.000000,1
953,CCCTTTGTATTGATGCGCCG,0.000000,1
954,CCACCGTAGAGCCTCCATGC,0.000000,1
955,GATTTCATTCAGTTCGCTTC,0.000000,1
956,NNTCGTGTCGNGGAGAGCGG,0.000000,2
957,TTGTTACAATTTTTGTTTGT,0.000000,1
958,GTGGCTTTTTCCCGGGGGAT,1.000000,2
959,GCAATCACTGCCCTTCCCAC,1.000000,2
960,TCTTGAACGTGTTCTCGCGC,1.000000,2
961,GTGTTACCTGTCTTTCTGGG,0.000000,1
962,ACCTGCAGTGTCCCTTAACG,0.000000,1
963,TTTCATGTCACGAAGAACGG,1.000000,2
964,GAACCTTTGTGCCCATCAGG,0.000000,1
965,TTTTTTGCGCGTGGCAGTTA,0.000000,1
966,TTTTTTTTTGCGCCGTGTAG,0.811278,4
967,TTGCTTCCGTGTATTTTCCG,0.000000,1
968,CTTTTTCTCCTCAACGTGGA,1.000000,2
969,TTTTTTCCCGAAACAACAAT,0.000000,1
970,TTTCTCTCGTTCCTTTTCCA,0.000000,1
971,GGGTTCTTCAACCCTCCAAG,0.000000,1
972,GTGGCTTTTCCCCGCGGGAC,0.000000,1
973,TCGTCTTCGATCGCTTCTTC,0.000000,1
974,ACAGTCCCTACCCTTCAGAC,0.000000,1
975,GTGGCTTGTCCCGACGAGAG,0.000000,1
976,CTGCTACTTTACGCCGGAGC,0.000000,1
977,TTTTTTCCCAAAACCCCCCC,0.961237,13
978,TTTTTTTGTTCACACCTTTA,0.000000,1
979,CCTTTCCCTTCGTCGAAATT,0.000000,1
980,TCCCCCTGTTACGGTAGGGT,0.000000,1
981,CCTTTCCTTTCTTGTCTTTC,0.000000,1
982,GCAGTCACTNCCCNTCAGAN,0.000000,1
983,TTTTTTTTTTTGCTGCGTTT,0.918296,3
984,ACCTCTTTCTTGTCTTGCCG,1.000000,2
985,GTTCCTGGTNTAGNACTCCN,0.000000,1
986,CCAAAAGTCAAAACTTCGCT,1.000000,2
987,CTGTTTCTTCCTTCCACTTC,0.000000,1
988,GCCTCACTCCTGGGCAATGA,0.000000,1
989,GTTTCTTTTTTTTTTCTCGC,0.000000,1
990,CTGTTTTTTCTTTCCACCTC,0.000000,1
991,GTGTACCTTTTACCGCCCCC,0.000000,1
992,GTGTCTTGTCCCCGAAGGAT,1.000000,2
993,TTGGGTGCCNCCTNCTGGTN,0.000000,1
994,GTTTTTCCGACCGACCGAAA,1.000000,2
995,ACGCCGTAGNGCCNCAGTGN,0.000000,1
996,ACTCTATTTCCCCCCCCCCA,0.000000,1
997,GCCCCCGTCTTTAGCCGAGG,0.000000,1
998,GTGGCAATCGGACTTCAGGG,0.000000,1
999,TTCGATTTTTTTTCCGTTCC,0.000000,1
1000,GTTTTTCCTCTTGCTTTGCA,0.000000,1
1001,AAGGACTCGTACTTATGATA,1.000000,2
1002,CTTTTCCCTTCTTCGCGATT,0.721928,5
1003,NCGACGCACATTCTTTCNAN,0.000000,1
1004,CTTTCTCAATTTGGACCACC,1.000000,2
1005,TTTCTTCTCTTCGCTTGTCC,0.811278,4
1006,TTTCGTGTCGCGGGAAATAG,0.000000,1
1007,CTTTCCACCCAAAATCCGGG,0.000000,1
1008,AACTCTCTTTTCTTTTTTCG,1.000000,2
1009,ACGCCGTAGATCCTCCATGC,0.000000,1
1010,TACTTTTCGCCTTTTGTCCG,0.000000,1
1011,GCTTCTAAGTTTGCCCCCAC,0.000000,1
1012,NCTTATTGTATTNNGTCNTN,0.000000,1
1013,TTTTTTTGTTCCTACCTTGA,0.970951,5
1014,TTTTTTTCTTCATCCCTTGC,0.961237,13
1015,NNAAACTTCTNCCCACAGAG,0.000000,2
1016,CTTTCTGACTTTTGCCCACG,0.000000,1
1017,TTCTTTGGGTTTGTTCGCCG,0.918296,3
1018,TTTTTTTTCCCCGGGCGAAC,0.970951,5
1019,TCTTGCCGTTCCCGAGCCCC,1.000000,2
1020,CAACCACCGAAGACATGGCC,0.000000,1
1021,GCCTAACTGTTGGGAGGTAG,0.000000,1
1022,CTTTTTTTCCTTCCTCTGGA,0.918296,3
1023,TGCCATTGGGTCGCACTTGT,0.000000,1
1024,CTTCTTCGCTCCCACCTGCC,0.000000,1
1025,TTTCGTGTCGCGGAGGAGAG,1.000000,2
1026,TCCTCTTCTGGGAAAAAGTT,0.000000,1
1027,TAGTNANTTNTCGCNTCACN,0.000000,1
1028,CGTTGTTTTTCTTTGTCCCT,1.000000,2
1029,CCGTTTCTTTCTTCTCTTCC,0.000000,1
1030,TTGTAGTGCCATTTCATCTT,0.918296,3
1031,GTTTTCCTATTGAGGTGCCA,0.000000,1
1032,CTCACGTTTTTTTTCCTTTT,0.000000,1
1033,TGGCTTTTTTTGTGCCCCGT,0.000000,1
1034,CTTTGTGAATTTGGACAACG,1.000000,2
1035,TTTTTTTCCGACACACACCC,0.000000,1
1036,CTGTTTCTCCCTCACCCGGA,1.000000,2
1037,TAACCCCCGAGCCCCTGGCT,0.000000,1
1038,GNNCCTCTTAGNCGCGGTAG,0.000000,1
1039,GTTTTTTTTTTTTTCTCTTT,0.918296,3
1040,GTTTTCACGTTGATGTGCAA,0.000000,1
1041,GCTTCCCCCCCCAACCACAC,0.000000,1
1042,TTCCACCTTTTTTTTTTTTT,0.000000,1
1043,NNACCACTGGNGACCCTGAC,0.000000,2
1044,CTTTCTAAACTTGGACAAAG,1.000000,2
1045,CTGGTTTTTTTTTTCGTCTT,0.000000,1
1046,GTGTTTTGTTCCGGCAGGGT,0.000000,1
1047,CGATTTCGGGCTGCCCACAT,1.000000,2
1048,AACCGCTTTAATCCCCCCAA,0.000000,1
1049,TTCTCTTCTGTTTATTTGCT,0.000000,1
1050,CTGGGCCTCCATGTCCACTT,0.000000,1
1051,TCTTATTGTATCTCGTCTCT,0.000000,1
1052,TNTTTNTTNACGCAGTNTAA,0.000000,1
1053,GTTNTNNTTTTTTNCATGGN,0.000000,1
1054,CNCTCNTTCCCAGGAANTGT,0.000000,1
1055,ACATGCAGTGCACCTTCCCG,0.000000,1
1056,TTTTCCTTTCCGTTCGAACC,0.000000,1
1057,NTTACCGNCNTGGNNNGNGG,0.000000,1
1058,CTCAATTTTTTCNTCGTGTN,0.000000,1
1059,GAGTATACCAAACAAAACGA,0.000000,2
1060,TTGCTTTTTTTAGGGCCTTG,0.000000,1
1061,CTCAATTTTTTTTTTCGTGC,0.811278,4
1062,CCATAGGCCAACACCCAACA,0.000000,1
1063,AATNNGGCGGGTTCTNGNCN,0.000000,1
1064,ACTTTCTGTCTCAATNCNGN,0.000000,1
1065,AATCGAGACGGGTGANCNTN,0.000000,1
1066,ATGTATATATTTTCGNCNGN,0.000000,1
1067,GTTCTTTTTTTTTCCCCGCT,1.000000,2
1068,GACTTAAATTCCTAAGTCTC,0.000000,1
1069,GTTNCNGGTCTAGNACNNCC,0.000000,1
1070,TTGTGCCTTTCCCACAGCTG,0.000000,1
1071,TGTTTTATGTTTTCTGTCGC,0.979869,12
1072,GAGCTTCCCTACCAAACAGT,0.000000,1
1073,TTTTTTTTTCCTTCGTGTCG,0.000000,1
1074,CGCACGTCAAGACTGTCAAG,0.000000,1
1075,TTTCCTGGAGGGTTCAGACC,0.000000,1
1076,GNAGTCACNGCCCNTCAGNC,0.000000,1
1077,GTTNCTGGNCTAGTACTCNC,0.000000,1
1078,TTTTTTTTCGCAACGCACAC,0.000000,1
1079,NNTTAGATTTNAAAACAGGC,0.000000,1
1080,TTTTTTTGTTCCTCCTTTTC,0.000000,1
1081,GTTACCGTCCTTGGCGAAGA,0.000000,1
1082,TNNTTATTTCTNTCTTTTTG,0.000000,2
1083,GTACAGCCCTGATAACCTCC,0.000000,1
1084,AATCGACTTCATCGCCCCAA,0.000000,1
1085,NCTTATNGTATTTTGTCTNT,0.000000,2
1086,NAATTGNCTTGGGCGCGTNT,0.000000,1
1087,TTGTAGTGTAAGTTCCCCCT,1.000000,4
1088,TTTTTTTTCCGGAATTTCAC,0.000000,1
1089,NTAAAGNGGACTACCTTCNC,0.000000,1
1090,TTGTTCATTNGGCNAAGCAN,0.000000,1
1091,CTTCTTCTCCGCCCCCTTCC,0.000000,1
1092,TTTTTTTTTACGAAGTGGCA,0.000000,1
1093,AAGTTAAGGTAAGGGTTCTG,1.000000,4
1094,GTTCCCGTCCTGGGCCAGAG,0.000000,1
1095,ACTTATTGCCCCTACCCCAT,0.000000,1
1096,TTGTAGTGTGGGTTTCCCCT,0.918296,3
1097,TTGTAGTGTGATTTCCTCCT,0.000000,1
1098,TATCGTTTTTGTTCTGCGTG,0.000000,1
1099,NTTCCTCTTAGTCGCGGNAN,0.000000,1
1100,TTGTAGTGGAGTTTCCCCTT,0.918296,3
1101,AACNCTNTNTTGNNTTGTNG,0.000000,1
1102,TTGTCCCTTTTACCCCCCGT,0.000000,1
1103,GTTTTTCCCCCACCACGAAC,0.000000,1
1104,ACGTCTCCCTCCCCACCCGT,1.000000,2
1105,GGGCTTGTTTCCCCTTTCCC,0.787127,17
1106,TTTTTCTTTTGTGGGTTTCC,1.000000,2
1107,TCACCTCCACGATCCTCCCG,0.000000,1
1108,TTGTGCCCATCCGCGTGCGA,0.000000,1
1109,GTGGTTTTTCCCAGGGGGAG,1.000000,6
1110,CTCTACGTCCCTCTACTTTC,0.000000,1
1111,TCTTTCAGCTTCTGCCGTGG,0.000000,1
1112,CNCCTNCGTTTTGTCTNCCC,0.000000,1
1113,CCACCCCTGTTTCCACTTGG,0.000000,1
1114,TCTCGTTTTTGTTTCTCGCG,0.000000,1
1115,GATTCCATTAGTTTCGCTTC,0.000000,1
1116,CTTTCTAGATTTTGCCCACG,0.000000,1
1117,GATCGCTTTCATCCCCCCCA,0.000000,1
1118,GGNTTTCGGTCGNCCCTANC,0.000000,1
1119,CCTCTATTGTTCAGAAGGAC,0.000000,1
1120,CTTTTCACTTCCTCTAGACT,1.000000,2
1121,ACCTACCTCTATCCACCGCC,0.000000,1
1122,CACTCTAGGGCTGCCCACAT,0.000000,1
1123,TTTGTTTCTCGTCCCCAGGC,0.000000,1
1124,TGTTTTTTCCCCCCCCACCC,0.000000,1
1125,TCCCTTCTCCTCTCTTTTCG,0.000000,1
1126,CTNCTTCGTTTTNNCTTCNC,0.000000,1
1127,CCCCTTCCCCCCGGTCGCCC,1.000000,2
1128,TCCTTATCTCTTTCTCTTCG,0.000000,1
1129,AGAAGCCCCTGAACTTGCCA,1.000000,2
1130,TTTTCGTGTTCCTTTCCCCG,0.918296,6
1131,TTGTCCCTTTTCCCCCTCGA,1.000000,2
1132,TCTCCTTGTTACGGTAAAGT,1.000000,2
1133,GNTTCTAANTTCGNCCCTNC,0.000000,1
1134,TCGNACTNGTGNTTATGANA,0.000000,1
1135,GAACCAACGAGTACCCGACT,1.000000,2
1136,GTGNCNTANGNTACTCAANT,0.000000,1
1137,GGCCAGCACACTCGCCACCG,0.000000,1
1138,CCCCATCTTTTTCAACTTGG,0.000000,1
1139,GAGTTTCCCTCACAAACCAT,0.991076,18
1140,TGTCCTCGTCCCGGGGGCAG,0.000000,1
1141,GAACCACCGACTACCTAGCT,1.000000,2
1142,TATCGTTTTTGTTCCGTTCG,0.000000,1
1143,NCTATCTTNTTGGTCACANA,0.000000,1
1144,TTTTTTCGGGGAATCCCGAG,0.000000,1
1145,CTAAAGGTTCCAGCTTTGCT,0.000000,1
1146,NNGCCTTACGNTACTCAAAT,0.000000,1
1147,TTTTCTTTTTTCGCTTTTGT,0.991076,9
1148,GAGTTTCCCCCCACAACCCC,0.000000,1
1149,CTCCTNCGTNTNGTCTTCCC,0.000000,1
1150,TCTTCTAATTACTTGCCTCC,0.000000,1
1151,TGGTTCTTCCGACCCCCAAA,0.000000,1
1152,GCGAACATGGGGTAGTCCAA,0.000000,1
1153,TCTTCGTTCTTTTTTTTTGG,0.954434,8
1154,CAAAACTTCTCCCCCCAGCG,0.000000,1
1155,TTTCTTACGTTCTTTTTTCG,0.918296,3
1156,TCTTCATTTCCCGCTTCACG,0.000000,1
1157,CTGTCCCAACCACGACGGCG,0.918296,3
1158,GAGTTTACCTACCACACAGT,0.000000,1
1159,CTTTTTCCAAAAATACACAC,1.000000,2
1160,TTTTTTTTTCCCCACTGTCC,1.000000,2
1161,TCTTCTCCCTTGGGATGCTT,0.000000,1
1162,TTTTCGTGTTCCCGTGCCCA,0.000000,1
1163,GTTCCTCTTCATCCCGGTCG,0.000000,1
1164,CCACATNNGTTGCAACTNGG,0.000000,1
1165,GTTTTCCTCTTTATGTGCCG,0.811278,8
1166,TTGTATCTTTGCGGCCCTGG,0.000000,1
1167,TTTTAGTGTCCCCTTCCACC,1.000000,2
1168,TTTTTTNTTGCTCCGTGTAA,0.000000,1
1169,GAGTTTACCTCACAAACACT,0.000000,1
1170,ACACTAGGTTCCTCCCACGA,0.000000,1
1171,TTTTTACCGGGTCTTGGCTT,1.000000,2
1172,TAGTCTCCCTTGGCGCACCC,1.000000,2
1173,TTATCTTTTTTTTATTTTTT,0.811278,4
1174,TGACAGAGATATAAACTGTA,0.000000,1
1175,CTTCTTCTTCGCCCCCTGTT,0.000000,1
1176,CCTTTTACTTCTTGCTTTCC,0.000000,1
1177,TTGCCTTCGTCGGATCCCAA,1.000000,2
1178,CTTTATAAACTTGAACCCCG,0.000000,1
1179,GCCTCTTATGGGAGACAGTG,0.000000,1
1180,TCTNGCCGNTNCAGAGCCNA,0.000000,1
1181,GANCCACCGAGTNNATGGNT,0.000000,1
1182,GNTTTCANATTNATGTGCAG,0.000000,1
1183,AACCAATTTCACCCCCCCAA,0.000000,1
1184,TTGTACCCTTTCCCGCCCGG,0.918296,3
1185,CTGTCCCAACGCTGCCGTCC,0.000000,1
1186,TTTTTCCTCGACATACCCAT,0.000000,1
1187,ACTCCCCCCCCTTCCTTGCC,1.000000,2
1188,NNCCATTGGGNCGCATGTGC,0.000000,2
1189,TGTTTTTTCCCTCCCCCTGT,0.000000,1
1190,CTTGCCACCCCGACTCCGGG,0.000000,1
1191,GTGGTTTTTTTTCGGCACTC,0.000000,1
1192,TNCTNAGGANCNATGCNTTN,0.000000,1
1193,GTTCCCATCCTAGGCCGAAG,1.000000,2
1194,TTTTTTTCCTTTATGAATTT,0.000000,1
1195,CCACGCAGTGTAAACTAACG,0.000000,1
1196,GAGTTTCCCCCCCAAAACAT,0.000000,1
1197,TTTTTTCCCCGAACCCCCCT,0.000000,1
1198,TTGTACCTTTTCCCTCCGGG,0.000000,1
1199,GCGACGCACACTCTTTCTCT,1.000000,2
1200,NNATGTGTATNGGTGCGCCG,0.000000,1
1201,GTTTTGCTTTTTCCTTTTTG,0.000000,1
1202,TTGATACTTCCAACCAGAAC,1.000000,2
1203,CATTATCCGTTGGGCCCTTG,0.000000,1
1204,GGTACTCTTCCCGGAGATCG,0.000000,1
1205,TTTCCTTTCTGCAAACACCC,0.000000,1
1206,CTGTTCGTCTCGCGAGCCGC,0.000000,1
1207,TTTTTTTTTTCTGCGTTGGC,0.000000,1
1208,TTGTCTCCTTCCGACCCTAG,1.000000,2
1209,GCAGTCACTACCCCTCAAAC,0.000000,1
1210,GTTTTCCTTTTCCCTGTTTT,1.000000,2
1211,TCTTCAACTCCAAAACCTTG,0.918296,3
1212,GTTCCCGTCCTTGGCAGAGG,0.000000,1
1213,GCCTCTCCTGGGAAATGGGT,0.000000,1
1214,TTGCTCCTTTAAGCCCGCAC,0.000000,1
1215,NNGTCTCCCTNGGCGAACTC,0.000000,1
1216,GATTTCCCTCGGTTTGCGTC,0.000000,1
1217,GAACCACCAAGTACATGATC,0.000000,1
1218,CTTCATCCATCTGACCCACG,0.000000,1
1219,CGATCTCTTGCTGCCCCTCT,0.000000,1
1220,TTTTTTTTTCCTTCCTCCCC,1.000000,2
1221,TCGTCTGCGTGGTTCCACCC,1.000000,2
1222,TTGTCTCTTTCTGGCTTTTG,0.000000,1
1223,GTTTTTCTCTTTGTGTGCAT,0.000000,1
1224,TTTTTCCCATTGATATACAG,0.000000,1
1225,ATTTTCGACGTGGTGTCTGT,0.918296,3
1226,ATAACCCTCTTTTAGTCCGC,0.000000,1
1227,ATTTGCCTTTTTTTCCCTGC,0.000000,1
1228,NTNAAGNTNANAGCNTCGNT,0.000000,1
1229,NNGTTATTTANCGCTTCACG,0.000000,7
1230,GATTNCATTNGGTTCGCGNC,0.000000,1
1231,CCGCCGTCGCACCTCAGTGC,0.000000,1
1232,TTTTCCTTTTTCCATTTGGT,0.000000,1
1233,GTTCTTTTTTTTTTCTTTGT,0.918296,3
1234,GGCTTAAGTTCATAATTCTC,0.000000,1
1235,GTTTCTGGTCTCATACCCCC,0.000000,1
1236,GTGCGTGTTTTGGTGCGTTG,0.000000,1
1237,TTTTTGCCCCGCGGCAATTA,0.000000,1
1238,TTTTTTCCAGAAATCCACCC,0.811278,12
1239,TTTTTTCCCGAAACACCCAC,0.918296,3
1240,NNGCGCTTCANTGTTCGACC,0.000000,4
1241,TCGCGTTTTATTGTTCGAAC,0.000000,1
1242,GCGGTCTGTCCCCTTGCCCG,0.000000,1
1243,TNGTNGTNNCNGGCATTTCN,0.000000,1
1244,TCGTCGTGCTTTTCCCCTCT,1.000000,2
1245,GTGCTTTTTTTTGGGCAGTC,0.000000,2
1246,AAGGAGGGTATTCTGGGCCT,0.000000,1
1247,GGGCGTNTGTTTNGAANNCC,0.000000,1
1248,GTGCTTTTTTTTTTTCTTGC,0.890492,13
1249,GTGCTTTTTTTTCGGCCTTC,1.000000,2
1250,ACTCGCTTTACTCACTCCCC,0.000000,1
1251,TGCCTCCCTTTTCGACCCCA,0.000000,1
1252,GTTTTTTCCCCACCAAAGAC,0.000000,1
1253,GAATATTCCAGGACACTCCC,0.000000,1
1254,TTCTCAGGCCCGCTGCTCTC,0.000000,1
1255,TTTTTTTTCCATCATGTCCC,0.000000,1
1256,TCTCATTGTTCCTGTCGGGT,0.000000,1
1257,TTCTAAGGACCGACGCCTTC,0.000000,1
1258,TTGTCCCTTTTACCACTCAG,0.000000,1
1259,GTGCCTTACGACCCCCCAAT,1.000000,2
1260,CTTTCTCAATTTTGACCCCG,0.863121,7
1261,GCGAAGCAAATTCTTTCGCT,0.000000,1
1262,NCCTAACTATTGGGCAGNGN,0.000000,1
1263,CCTTTTCCTCCTTCCCTTCC,1.000000,2
1264,AACTGCCTCGAGAGGGAGCC,0.954434,8
1265,CTCTCCTTCCCAGGACGCAC,0.000000,1
1266,TTTTTTCCAGACATACCCCT,0.000000,1
1267,GTGTCCACTTTCCTTCGGGG,0.979869,12
1268,AGTTTCTTTCCTTTGTTCCC,0.000000,1
1269,TCTTTCTTTCTCGCTTCACG,0.000000,1
1270,GAATTGTACCTGGCATTTCC,0.000000,2
1271,TTTTTTCTCGAACCCCACAT,0.000000,1
1272,TCNGACTCGTGCTTATNATN,0.000000,1
1273,TTTTTTTTCCTTATGAGTTT,0.000000,1
1274,GTTTTCCCATTGCCGTGCCG,1.000000,2
1275,GTTTTCATATTGATATACCA,0.000000,1
1276,TGACTCCCTTTTCGACACCC,0.000000,1
1277,TTTTATTTTCCTCATTGTAC,0.000000,1
1278,GCGTTTACCTCACAACCCGT,1.000000,2
1279,GTGTCCTGTCCCAGGGGGAC,0.000000,1
1280,TAGTCTCCGCTAGCCCCCCC,0.000000,1
1281,TTTCCCCCGCCATCCAAACC,0.000000,1
1282,GTGGCAACTGTCCTTCGGGG,0.918296,3
1283,TTTTCGCCACACGGCCGTAC,0.000000,1
1284,CTCCCCTTCCCTGGGTGGGC,0.000000,1
1285,TTGTGCCTTTCCCTAGGCTT,0.000000,1
1286,TCTNANTGNTNCGNTAGGNT,0.000000,1
1287,AGNTGCTNTCCNTGGTNCAN,0.000000,1
1288,CCGTTCCTTTCCTTTCTTCC,0.000000,1
1289,TTCTGGGCCTCCATGTCCTT,0.000000,1
1290,TTTTCGATTTTCCAACAGAA,0.000000,1
1291,TCGTTGTCCCTTGCCCTTCC,0.000000,1
1292,GTTCCTCTTCCTCACCGTCG,0.000000,1
1293,TTGTAGTGTAGTGTTCGGTT,0.000000,1
1294,TTTCGCCCTCCTTCTCGAAG,0.000000,1
1295,GTTTTTCTCTTGACGTGCCG,1.000000,2
1296,AATTAACGTAAACAGATTTC,0.000000,1
1297,AGAAGCCCCTGACTTTGCCC,0.000000,1
1298,TCCTTCCCTGCCCTTCAGAC,0.000000,1
1299,CTGTCATTCTATGTTTCTTC,0.000000,1
1300,GTGGCCAGTTTCTTTCCGGG,0.000000,1
1301,NTGTCTNTTTCCGGCCTTNG,0.000000,1
1302,TAACTACCCTTTCGACAACA,0.000000,1
1303,CTGTTTCCTTTTTCCGCTTC,0.000000,1
1304,GCNGTCACTGCCNTTCAGNC,0.000000,2
1305,TCTTCGTTTTTTTTTTTTTC,0.000000,1
1306,GCNTCTTATNGGAAACGGTN,0.000000,1
1307,TTTTTTCTTCGGCCACGCAC,0.000000,1
1308,TATTGCATTACACTCCCTTG,0.000000,1
1309,AAGACGCACAATCTTTCGAT,0.970951,5
1310,TTTAGTGCCACCTCCCGGTG,0.000000,1
1311,TTTCATGTCGTGGAGAGGGC,0.000000,1
1312,CCGTTTCCTCCTTCTTTTCC,1.000000,2
1313,CCCTGCGTATGGGCGCGCCG,0.000000,1
1314,ATATCATTCTACGCCCATTC,0.000000,1
1315,GCAGTCNCTGCCNTTCNGAC,0.000000,1
1316,CTTTTCNACGTGGTGTATGC,0.000000,1
1317,NCANTTNCCGGTGGTCGTNG,0.000000,1
1318,TTTCCTGTATTATGCCGTCC,0.000000,1
1319,TTGGTACTTTCAGCCAAAGC,1.000000,4
1320,AATTATAAATATGGACCACG,0.863121,7
1321,GTCTTCCTCGCGCTGGAGCC,0.000000,1
1322,CTACCGGTTACCGCTTCGCT,0.000000,1
1323,ATTTTCGACGCGGTGCCTAC,0.000000,1
1324,TTTTTTTTTGAAGAATTTCA,0.000000,1
1325,GTGTTTTTTTCCCGGGGGAC,0.970951,5
1326,ATGTCTAGACTAGTCCTAAG,0.000000,1
1327,TATTCTCCCTTTGGCTCTTT,1.000000,2
1328,GAAAACNTCTCCNCACNGAG,0.000000,1
1329,GGTTTCTCCAGCCCTCCGAG,0.000000,1
1330,ATCCCCCTTTCTTCACCGGC,0.000000,1
1331,TCTCGCTTCCTTGTTCGCCC,0.000000,1
1332,CTTTCTGAACTTTGACCCCC,0.000000,1
1333,TTTCTTCTCTTCGCTTTTAG,1.000000,2
1334,CTTTTTCTCCCTCCCATGGA,1.000000,2
1335,CGTTTCTCATGTTTGGCTCG,0.000000,1
1336,GAACCTTTGCGACCCTCAAG,0.918296,3
1337,TGATGTTACGAGTACNANCN,0.000000,1
1338,CGAAGCCTCTGCATTTGCCC,0.000000,1
1339,TGGTGTTCCGAGTACTCACC,0.000000,1
1340,ACTTTCTGTCTCCCCCCCGG,1.000000,2
1341,TTTTTTTTCCCTCATTTCAC,0.000000,1
1342,GATCTCATTAGGTTTGTGTC,1.000000,2
1343,TTTTTCCTTGGTTTGCACCT,0.000000,1
1344,CATTGATTTAACCACCCCAA,0.000000,1
1345,TTTTTTCGTGACATCCCGAA,0.000000,1
1346,AAGCGGTAGAACCTCAGTGT,0.000000,1
1347,AACTTTTTTTTGTCTTGTTA,0.000000,1
1348,TTTTTTCCAGCACCACACAT,1.000000,2
1349,ATACTCCGCTACTCACACGC,0.000000,1
1350,TTGTGGCCATTCGCGTGCTC,0.000000,1
1351,ACTTTCTTTCTCCACACCAG,1.000000,2
1352,TCGGACTCGTGCTCCTACCA,0.000000,1
1353,GAAACCTTCTCCCCAAAAGG,0.000000,1
1354,CGATCGAGGTTTGCTCCTCT,0.000000,1
1355,TTTTTTTCTTCACCCCTCGA,0.000000,1
1356,GTTTTTCTCCCCCCCCGTAG,0.000000,1
1357,TTTTCTTTTCTCGATTTTTT,0.000000,1
1358,NGATCTNGGGCTGCCCATNT,0.000000,1
1359,GTGTCCACTTTCTTTTCGGG,1.000000,2
1360,TTGTCCCTTTTCCCTCTCTG,0.000000,1
1361,TATTGTCCCTTTGGCCACCG,0.000000,1
1362,NNTTTTCCGANCGCCCGGAG,0.000000,1
1363,CTACTACGTTCCTCCCCCGA,0.000000,1
1364,GCCCCCCCGCGTCCATGGCT,0.000000,1
1365,CTTTTTTGTCGCCAACTTCC,0.000000,1
1366,CTTTTCTTTCTTTCCCTTAT,0.000000,1
1367,CTGGTTTTTTTTTTCGCTGC,0.000000,2
1368,ACANNCAGTNTAANTNANCN,0.000000,1
1369,CATCGCTTCAATCACCCCAA,0.000000,1
1370,CCTTCCCTTCTCAATCCAGG,0.000000,1
1371,NCGCCGNAGAGCCTCAGTNC,0.000000,1
1372,GAGTTTCCCCCACAACCCGT,0.000000,1
1373,NNATGTTACGNGTACTAACC,0.000000,8
1374,TTGGGTGCCTCCTCCTCTTT,0.000000,1
1375,TCTTAACTTACCCTCCCCTT,0.000000,1
1376,CTCAATTTTTTTTTTTTTTT,0.845351,22
1377,CTGTTCCCTTCGTCGAGAGT,1.000000,2
1378,TTGTAGTGGGATTTTCCCTT,0.970951,5
1379,CTTTTCGCCGGGGTGTATTT,0.000000,1
1380,TCTTTGTGCTTCTCCATCCG,0.000000,1
1381,GGGCTTGTTTTCCTCTTTCC,0.000000,1
1382,GTTTTCCCTTCCCTTTTTTT,0.000000,1
1383,TCCCATTATTACGGTCGGGT,1.000000,2
1384,GAACATTTGCGACTCTCGGG,0.000000,1
1385,TTTTCCCTTTTCGATTTTGT,0.918296,3
1386,GTGTTTCTTAGGAAGTAATC,1.000000,2
1387,GGTTCGAAGCGTCCCCCGGA,0.000000,1
1388,ATAAAGGGGACTCCCCCCTC,0.000000,1
1389,CTCTCCTTCCCCGTCACTAT,0.000000,1
1390,GACTGCCTACACACACGGCG,0.000000,1
1391,CTGGTTCTTCTTTCCATTGC,0.000000,1
1392,TTGTGTATTTCCCCCGGCTG,0.000000,1
1393,CTAAAGTTTTTTTTCTGTTG,0.000000,1
1394,ACATGCAGTGGCAACTCACG,0.000000,1
1395,TTTTNTCNTTTAGNTTNGGT,0.000000,1
1396,CTCTCCCTCCCCAGAACTGT,0.918296,3
1397,TTGTTNATTNGNCCAAGCAC,0.000000,1
1398,TTTTTTCCAAAAACCCACAT,1.000000,4
1399,CCACATCCTTTGCACCTTGG,0.000000,1
1400,GTGTGTAGCAAGTTTGGTCC,0.000000,1
1401,ATTTCACTTTTTCTTTGCTC,0.000000,1
1402,GCATCTTANGGGANACGGNT,0.000000,1
1403,AATCGATTCCATCCCCCCAC,0.000000,1
1404,TCGCGCTTCACTACTCGACC,0.000000,1
1405,GTTCATCTTAGTCGCGATCG,0.000000,1
1406,TTGTGCCTTTTCCCGGCCAG,0.000000,1
1407,TTTTTTCGGGACCCCACCAG,0.000000,1
1408,GCGACGCACNTTCTNTCGAN,0.000000,1
1409,GCACCACCCAATCCATGGCC,0.000000,1
1410,TTTTTTTTTCCCCCGTGGCA,0.000000,1
1411,GTTCCTNTTAGTNGCGNNAG,0.000000,1
1412,TTTTTTTATCACCCCCTTGA,0.000000,1
1413,TTGTCTCTTTCCTTCCCTGG,0.000000,1
1414,TTTTCCGGAACGATGCCTTT,0.000000,1
1415,TATTCTAATTATTTGTCTAA,0.000000,1
1416,TCCTTTTCGATTTTTTCTCT,0.000000,1
1417,GCTTTCACTCGGTTCGCATC,0.000000,1
1418,GTGTTAATTATGTTTCGGGG,1.000000,2
1419,TTGTAGTNTAGTTTTATCTT,0.000000,1
1420,CCCTTTGACCTCGTTCGCCC,0.000000,1
1421,GTGGTTTTTTTTGGGGGCTT,0.000000,1
1422,GTGTCTCGAATCTTCCTGCG,0.000000,1
1423,TTTTTTTCCCTGACGAAGTT,0.000000,1
1424,AATTGAGTTACTCACCCCAA,0.000000,1
1425,TGGCGTGTCGTTTGGTCCCC,0.000000,1
1426,TTGCTCCTTTCCGCCAGAGC,0.811278,4
1427,GTTTTTCTTCTCGCCCCGAG,0.000000,1
1428,TTGTATTCGCCGGCTCCAAG,0.000000,1
1429,TTTTTTTATTACTACCTTAC,0.000000,1
1430,TTTTCGTTTCCCTGTCCCCG,0.918296,6
1431,CTCACTTGCCGCGGGTGGGT,0.000000,1
1432,TTCGCGTTGCACTCCAGCTG,0.918296,3
1433,TTTTTGTCTCACGTTTCCCG,0.000000,1
1434,GTTCCTTTTTTTTTCCCTGC,0.000000,1
1435,TTTTTCCCAAAACCACCCCT,0.000000,1
1436,ACGCCNTNGAGCCTNAGTGC,0.000000,1
1437,GGTANTCNTCANGNGGNTAG,0.000000,1
1438,GCCTCNTNTGGNAAACGGTT,0.000000,1
1439,GCGTATCATTCTTTACCTGG,0.000000,1
1440,NNTTTCATTANGTTCGCGTC,0.000000,1
1441,NNAAAGGTTANAGCTTCGCT,0.000000,8
1442,GTTCCTGGTCTCCTCCTCCC,1.000000,4
1443,TGGCGTTTTTGGGGCCGCCT,0.000000,1
1444,GTTTTCTTCCACCCCAAGCC,0.000000,1
1445,TATTATCCCTTTGGGGCTTT,0.000000,1
1446,NNGTTTCTTCNTTCAGCTGC,0.000000,2
1447,TTGTAGTGTAGTTTCACGCT,0.918296,3
1448,NTGNGANAATTCNNGTGCNC,0.000000,1
1449,CTTTTCACCTCTTTCAGAGT,0.000000,1
1450,TTTCCTTTCTTTTTCAGGCC,0.000000,1
1451,GTTTGCCTCTGGAGGGGGGA,0.000000,1
1452,TTTTTTTTTCTTAGGAGGTT,0.000000,1
1453,TTATGCCGATAACAGATCTC,0.650022,6
1454,GAATTTTTTTGGGCGCTCCT,0.000000,1
1455,CTCCTTTTGACCTGTCCGGC,0.000000,1
1456,TATTATCCCTTTGGGTGTTG,0.000000,1
1457,GCAGTCNCTNNCNTNCAGNC,0.000000,1
1458,TATAGTTTTTTTTCCCTGCG,0.000000,1
1459,CTTTGTCAACTTGGACCCCG,1.000000,4
1460,CTTTACCTCCCCTTACCAAC,0.000000,1
1461,TGTTCAGTGCGGGGCTCTGC,0.000000,4
1462,AATCTTTTTTATTTCATGGC,0.991076,9
1463,GTTTTCGTGCACGGCCCCCG,0.000000,1
1464,TTTTTTCCCGCCCTACACAT,0.000000,1
1465,NCGATCTGNACCATTGCCNG,0.000000,1
1466,CCACATCGGTTGTAACCTGG,0.000000,1
1467,CCACATCTGTTACACCTTAG,1.000000,2
1468,GTTCGCTTCCACCCCCAGCC,0.000000,1
1469,TTTTAGATTTTACCCCAGGC,0.000000,1
1470,AACTCTTTTTTTTCTTTTTG,0.940286,14
1471,TTTTTTATTCCTCCGCGTAA,0.000000,1
1472,TATTATCCCTTGGGTTGCTG,0.000000,1
1473,CTCCCACTCCCAGGAACTTT,1.000000,2
1474,GATTTCCTTAGGTTTTCTTC,0.000000,1
1475,TTTTTTGTCGCGGAGAGGGG,0.000000,1
1476,GCCGCTTCTGGGAAAAGGGT,0.000000,1
1477,TTTTTTTTTCCGCAACGTGA,0.000000,1
1478,ACATGCCGTGTAGATCAACT,0.000000,1
1479,TTGTAGTGTCATTTCCCTTT,0.918296,3
1480,TTGCTACTTTACGCCAAAAC,0.000000,1
1481,TTGCTCCCGTGCACTTTCAA,0.000000,1
1482,CTGTCCGCACAATAGCGACG,0.000000,1
1483,CTAACAGGTAAAGCTTCGCT,0.000000,1
1484,AACTCCTCCTTGTCTTTCCG,0.000000,1
1485,TGTTTTGTGTGTTATGTCAA,1.000000,2
1486,TGATGCTACGAATACTCCCC,0.000000,1
1487,CGATCTCGGGCTTTCCATAT,0.000000,1
1488,GATCGACTTCATCACCCCCC,0.000000,1
1489,GTTTTCGTATTGATTTGTAG,0.000000,1
1490,TACAGTTTTCGTTTCTCCCT,0.000000,1
1491,NTGCCTTACGATACTCANAN,0.000000,1
1492,TTATCTTTTGTTTATTATCT,1.000000,2
1493,CTTTTCACCTCGTCCAAACT,0.000000,1
1494,TTTTCTCTTTTCGCTCTTTT,0.000000,1
1495,TTTTTTTTTCCCCAATGGAA,0.000000,1
1496,TTGTAGTGTCAGTTCCCGCC,0.000000,1
1497,CTTTCGACACGCGGCAACTA,0.000000,1
1498,TTTTTTTCTTACCACCTTGG,0.000000,1
1499,GTTTCTCTTGTTCGCGGTGG,0.000000,1
1500,GACCCCCCAAGTACATGGCT,0.000000,1
1501,TCGTTACCTATCGCTTCACA,0.000000,1
1502,TTTTTTTTTTTTCCCTGTGC,0.000000,1
1503,CATCCTTGCACACGTTTCCT,0.000000,1
1504,AGTTGCTTTGGTGGGTCTAT,0.000000,1
1505,TCCTACGGACCAATACTTTC,0.000000,1
1506,TCTTCANCTACAAGACCCTG,0.000000,1
1507,CTAAAGNTTAAANCTTCGNT,0.000000,1
1508,TTTCCTNTCGTGGGCAGGCC,0.000000,1
1509,TTTTTTGCGTCCTACCTCTA,0.000000,1
1510,ANGNTTNCNTGCNGCTAAAC,0.000000,1
1511,NNTCCTGGTCNAGTACTCCC,0.000000,4
1512,TTCTTTGGGTTTGCTCTCCC,0.000000,1
1513,GTCTATCCCCGTTCCTTACC,0.000000,1
1514,TTNTCGANNCGCGNCAGNNA,0.000000,1
1515,TTACTCCCTTCCCCCTTACT,0.000000,1
1516,ATTCCCACTTGGCTGCGGGG,0.000000,1
1517,CGTTCTTCATGTTCGATCCG,1.000000,2
1518,AAACATTTGCGACCATCAAA,1.000000,2
1519,GTTTTTCCGACCACCCGGCA,0.000000,1
1520,CGCTCTATGGCTGCCCCTAT,0.000000,1
1521,TGGCGCAAAGCAACACGGGC,0.000000,1
1522,GTGTTTTTTTTTAGACATTC,0.918296,3
1523,TTNTAGTGTCCCNGTACANG,0.000000,1
1524,GTGGGTTTCTTTCCTTGTTT,1.000000,2
1525,TTGTTTGAGGTTTTTCGCCG,0.000000,1
1526,CTTCTTCTCCCCCAACCTCC,0.000000,1
1527,GTGCGGCGTGAGTTCGGTCC,0.000000,1
1528,ACGCCGCACATTCTCCCTAC,0.000000,1
1529,NNACCACCGANTACATGGCT,0.000000,3
1530,GTTCCCATCCCGGGCCGAGG,0.000000,1
1531,GCCTCTTATGGGANANGNTN,0.000000,1
1532,ACTCCCCCCTTCTACCACCC,0.000000,1
1533,TTTTTTTAACCAGGGGAACC,0.000000,1
1534,GAACATTTGNGACNATCAGN,0.000000,1
1535,GTTCCTTTTCGTCGCGGGAG,0.000000,1
1536,CCGTTACGAGTTTTTGTGCC,0.000000,1
1537,TTTTTTTTTAGGAAGTTTAA,0.000000,1
1538,TTGTAGCGTAATTTCCCATT,1.000000,2
1539,CTATATTTCTCCACCCCCCT,0.000000,1
1540,CTTTTTCCAGACATCCACAT,0.000000,1
1541,CCCCATCTGCTGCCACCTGG,0.000000,1
1542,TGCCCTTGGGTCGCCTGTTC,1.000000,2
1543,CCGTTACGATTGNCTGCGCN,0.000000,1
1544,TTTTTACCGNGTCTNGATNT,0.000000,1
1545,TGTTTCGTGTTTTCTTCCGA,0.000000,1
1546,GTTTTTCTGTTGCTGTGCAG,0.811278,4
1547,CTCCAGGTTCCAACCCCGCC,0.000000,1
1548,CTGNCCCAANGATAGNGNCG,0.000000,1
1549,TACTTTNCGATTNTTGCGNG,0.000000,1
1550,NNACATTTGCNACCATCAGG,0.000000,1
1551,TAATTATTTATATCATTTTA,1.000000,2
1552,TCTTCTCCCTGGGCGCACTC,0.000000,1
1553,CTTTTCACTCCTTCGCACTT,0.000000,1
1554,TTGCTACTTTCAGCGCTCTC,0.000000,1
1555,CTCCTTCGTCGCCAACCACA,0.000000,1
1556,GCGGTCTGTACCATTTCACG,0.000000,1
1557,NNGACCACTCNCATAGGTCC,0.000000,6
1558,GTCCGCCTCACACTAAAGCC,0.000000,1
1559,AGAAGCCTACGAGCTTGCCC,0.000000,1
1560,GTTCGCTTCAACCTACAGCA,0.000000,1
1561,NNGCGCAAAGNGAAGCGGGC,0.000000,1
1562,ACGCCGCAGAGCATCAGTAC,0.000000,1
1563,GTTCCCATTCTCGGCCCCCG,0.000000,1
1564,TCCTAAAGCACGATACTTTC,0.000000,1
1565,TTTTGGTGTCCCTGTCCCCC,1.000000,2
1566,TTTTCGTGTCCCTATACCCA,0.000000,1
1567,TTTCTTTTTCCACAATGTAA,0.000000,1
1568,GCACATTTGCGACCACCATA,0.000000,1
1569,GCGACCGTNGNGTAGTCAAN,0.000000,1
1570,TATTCCCCTCCCTTTTCCCA,0.000000,1
1571,GTGGTTTTTTCCCGCCGGAT,0.000000,1
1572,GNTNTCATNAGGNTCGCGNC,0.000000,1
1573,TCTCCTTTTTCCGGTAGGGT,0.811278,8
1574,TTGTTTCTTTCTGTTCTTGT,0.000000,1
1575,GTGTCTTTTCCCAGCGGGGC,1.000000,2
1576,TCGCTACCTTAAGCCCGCGC,0.000000,1
1577,CTTTATCAACTTTGACCACG,1.000000,2
1578,GTTCCCGCCCTGGGCCACGG,0.000000,1
1579,CNCTCATTNCCAGNAACTNT,0.000000,1
1580,TTGTTTTTTTTCTGCCTTTG,0.000000,1
1581,GGGCGTCTGTTTTGCCTCCC,0.000000,1
1582,CCTGTCGCTTCTTCTCTTCC,0.000000,1
1583,GCTCCCCCCTTTTCTTGTCC,0.000000,1
1584,GCATCTTATGGGACCCAGTT,0.000000,1
1585,TCTTTTTCTCTTTTCGCGCA,0.000000,1
1586,TCGCCGCAACCTCTTTCGCT,0.000000,1
1587,CTTCTTCACCGTCCCACGCC,0.000000,1
1588,TCGTTCATTCTCAGCCCTTT,0.000000,1
1589,TATTGTCATTACTTTCCTCC,0.000000,1
1590,TTTTTTCCCTAAACACACCC,0.000000,1
1591,GGATCCTTCAGCCCTCCGCG,0.000000,1
1592,TTGTAGTGTAGGTTTCGCTT,1.000000,2
1593,TTCTCTTTTGTTTACTTTTT,0.000000,1
1594,CTATCTCAGGCTGCCCATAT,0.000000,1
1595,GTATATCANCGTTCCTNANC,0.000000,1
1596,ACTTTTTTTCTCCATACCCA,0.000000,1
1597,TCTTCTCCCTTTGGCTAGTG,0.000000,1
1598,CCTTTCATTCCTTCCTCTCC,1.000000,2
1599,TAGTTCGTTCTCCCTTCCCT,0.000000,1
1600,TTTTTTCCAGACCTCCCCAT,0.000000,1
1601,NTATCTNTTGTTGATTTGNT,0.000000,1
1602,GCGTCTAAGTTCGACCCCCC,0.000000,1
1603,CACTCTTTTTTTTTTTGTCG,1.000000,2
1604,TTGCATTCGTTCGATCCAAA,0.000000,1
1605,TTTTTTNTCCCAGGGCGCAC,0.000000,1
1606,GNGTTCTNCAGNCCTCCGAG,0.000000,1
1607,CTTTTTTATTACCCCCTTGC,0.000000,1
1608,CTGCTTTGCCGCCAACTGCA,0.000000,1
1609,TTTTTTTTTCTTCGGTCTCC,0.000000,1
1610,TNNTCTCTTTANGGCCTTGG,0.000000,1
1611,TTGCTCCCGTGCCTTTTCCG,1.000000,2
1612,TTTTTTTTCAGACAGTGCAA,0.000000,1
1613,TACTTTTTGGTTTTTTTTTG,0.000000,1
1614,GCGTTTCCCTGCCGCCCCGT,0.000000,1
1615,CTTCTTTGTCGCCCACTCCC,0.000000,1
1616,GCATACCGATTGGGCAGTGA,0.000000,1
1617,GTTTTTCCCAAAACAAAAAC,1.000000,4
1618,ACGCCCACTCTCCCCGGTCC,0.000000,1
1619,GTTTCTCTTCGTCGCGGTCG,1.000000,2
1620,GTCTGCTTCGCGCAGGAGCC,0.000000,1
1621,GTTTTTCCCCAACCCAAGAC,0.918296,3
1622,CGNTCCTAANGTTCNGTCCG,0.000000,1
1623,AGGTTCCTCAGACCTCAGAG,0.000000,1
1624,CTTTTCCATTCTTCGAGAGT,0.000000,1
1625,GTATCCCACCGTTCCTTCCC,0.000000,1
1626,ATTTATCTCTTTTCGTCCGC,0.000000,1
1627,GTTTTTCTTCAGAGGTCATC,0.000000,1
1628,TTGTTTCCTCGGCCAAGCAC,1.000000,2
1629,TTTCATATCGCGACGAACGG,0.000000,1
1630,TAGTTCATTCTCCATCCCGC,0.000000,1
1631,GCCTCTCATGGTCACCAGTT,0.000000,1
1632,TTTCCTCGCCGCCCACTGCC,0.000000,1
1633,NNGCTTGTTTNATCTTTCCT,0.000000,3
1634,CTTTATAAANTTGNACCNCG,0.000000,1
1635,TTGNGACAANTCGCGNGNGC,0.000000,1
1636,GTGTCTTTTCCCCGGGGGAG,1.000000,2
1637,NCGTTACGNTTTGCTGCGNC,0.000000,1
1638,ACACGCAGTGTCAATTCACT,0.000000,1
1639,TATTGTAATTACTTGCTTCA,0.000000,1
1640,GTCGCAATCCCGAGTCCGGA,0.000000,1
1641,TTTTTATTTCTTTCTCCTTA,0.000000,1
1642,GCGCTCTGTATCCTTACCAG,0.000000,1
1643,GTTGTTCTCCCTCCTCGTCC,0.000000,1
1644,GATTGCTTCCCTTGGTCCAT,0.000000,1
1645,TTTTTCTTCTTTTTTCGCGT,0.000000,1
1646,GTTCCTCTTCGTCGCGGGCA,0.000000,1
1647,TTGTTTCTTTCCGGCCTTTT,0.811278,4
1648,TATTATCCCTTGGGCNANTN,0.000000,1
1649,TTGTAGTGTCATTTCATATN,0.000000,1
1650,CTTTTTCGCCGCCCACTACC,0.000000,1
1651,ATACTCCGTCACTCCCACGC,0.000000,1
1652,GTTTTTTTTGGGAGTTGATT,0.000000,1
1653,CCATGCCGTTTCAACTCACG,0.000000,1
1654,TTGTCGTGTCCTTTCATACT,0.000000,1
1655,TTTTCGATTTTCAAACAAGC,0.721928,10
1656,TTTTCTTATCCCTTCCCCCG,0.000000,1
1657,CTCACTTGCCCGGGGTGAGT,0.000000,1
1658,GGTACTNGTCACGGGGGNNG,0.000000,1
1659,CTGTCCCCCCTACCGCTAGG,0.000000,1
1660,GAAACACCGAGTACATAGTT,0.000000,1
1661,CTTTCCCTTTCTTTCCCCGC,0.000000,1
1662,CTTCTTNGNCGCNAACTGCC,0.000000,1
1663,CAGACTACTCTCCTAGGTCC,0.000000,1
1664,TTTATTTTTCCTTTTCGACG,0.000000,1
1665,GGTCCTAGTCCCGTGGTTAG,0.000000,1
1666,NNGATACTTTNAGCCAGAGC,0.000000,6
1667,AAATTCTTCAGACCTCCGAG,0.000000,1
1668,GTTTTGCCTCTCCCTGTTTG,0.000000,1
1669,TTTTTTTTTTCGCCGTTTGC,1.000000,2
1670,TTGTAGTGTCGGTTCACCTT,0.000000,1
1671,CTTTATAAATTCGGACTAAG,0.000000,1
1672,TGGTTTTTTTGTGTCCCCTT,0.000000,1
1673,TTGTTCATTCGGACAAACAC,0.000000,1
1674,TTTCCCCCGTTCATTTTCAG,0.000000,1
1675,NTNTGTGTNTCCATCGCTNT,0.000000,1
1676,GAATTGTCTTGAACGCGTCA,0.918296,3
1677,TTTTTTTTGCCGAGGCGAAC,0.000000,1
1678,TTTTTTTTCTCTACTAAGTT,0.000000,1
1679,GGTTCGAAGCGTCCCCGGAC,0.000000,1
1680,AATTCCCCGAAGTTCGAACC,1.000000,2
1681,TATCGTCTTTGTTCCGCGTA,0.000000,1
1682,CTGTTAATCCCCAAATAACA,0.000000,1
1683,TATTTCNAACTTNTGAGTNT,0.000000,1
1684,CTTTTCAACTCTTCGAAGTT,0.000000,1
1685,TANTNTCNCTTGNGCTATTN,0.000000,1
1686,GCGACGCACATTCTTCCACT,1.000000,2
1687,TCGACTCTCCGCTCCGACCC,0.000000,1
1688,CTACAGGTCAACACCCAGCC,0.000000,1
1689,NCTTTCNGTCTCNATACNGG,0.000000,1
1690,TTGTAGTGTCGTGTCACATT,0.000000,1
1691,CCTCCATTTTTCGGAAGGGC,0.000000,1
1692,GTTCTTTTTTTTTTCGCGAC,0.000000,1
1693,TTTTTTCCTTACTACCTTGC,0.000000,1
1694,TTGTCTATCTCCGGCCTCGG,0.000000,1
1695,TTTTTTCCAGGCCTACATCT,0.000000,1
1696,TTGTAGTGTAACTTCATACT,1.000000,2
1697,TGGCGCAANGCGNAGCGGNC,0.000000,1
1698,TCATTGTATTGGGCGCGTCT,0.000000,1
1699,TTATTTGAGCTTGCTCACCA,0.000000,1
1700,GTTACCGTCCCAAACCGAGG,0.000000,2
1701,TCCTATCGTATCTTATCTTT,0.000000,1
1702,TTTTTGTTTCCGCAGTTTAG,0.000000,1
1703,TCTTTTTCAGACGCTCGCTC,1.000000,2
1704,GTGGTTTTTTCCCGAGGGGC,0.000000,1
1705,AACTGTTTTTTGTTTTTTCG,0.000000,1
1706,AGTCCCAATTTGACTGGGGG,0.000000,1
1707,TTGTCGCGGCGTGGCAGGTA,0.000000,1
1708,ACTTTCTTTTTCAATCCTGG,0.000000,1
1709,TGGCTTGTGTGGGCCCAAGT,0.000000,1
1710,TTTTTTCTTTTTGAGTTTGT,0.000000,1
1711,GGCACTCGCCAAGGGGGTAG,0.000000,1
1712,TCGGACTCGNNCNTNTGANA,0.000000,1
1713,ACGANCNCTNNCNTNGGTNC,0.000000,1
1714,GTTCCCGTCTTGGGCGGAGG,0.000000,1
1715,CTTTTCACCTCGTTGCGACT,0.000000,1
1716,GTGGTCACTTTGTTTTTGGG,0.000000,1
1717,TTTTTTCCAGAAATANANAN,0.000000,1
1718,TTGTTTATTCGGCCAAACCC,1.000000,2
1719,CTTTTCACTTCTTCGAAAGT,0.000000,1
1720,TGATGTTACGAGTCCTCCCC,0.000000,1
1721,GCCTCTTATGGGAAGCAGTC,0.000000,1
1722,TTGTTGTTTCTTTCTTTTTT,1.000000,2
1723,TCTCATTGTTACGACAGGGC,0.000000,1
1724,CTATCCTTCTCTGCTTCTCC,0.000000,1
1725,TCGACTCCCAGCCCCGACCC,0.000000,1
1726,TTGCTACCTTAAACCCTAGC,0.000000,1
1727,TTTTTATTTATTTCATTTTA,1.000000,2
1728,TTTTTCCCGGGTCTTGGTTC,0.000000,1
1729,TTTTTTTTTCCACCATGTCA,0.918296,6
1730,CTCTTACCTTCGCCGATATT,0.000000,1
1731,TGGTTTTTTTGGGGTCCCGT,0.000000,1
1732,TCCTTTTCGAGCTTTGTGCG,0.000000,1
1733,GTTACCGTCCTGGACAGAAG,0.000000,1
1734,CTTCCTAACTTTGGCCCACG,0.000000,1
1735,TTATCTTTTNTTGANTTGCN,0.000000,1
1736,TTTTTTTTCCGCAAGGGCAG,0.000000,1
1737,CCTTTCNTNCNTTATCNTAC,0.000000,1
1738,TTTTTTCCAGAAATACCACG,0.000000,1
1739,TTTTTTTTCACGCAGTGCAC,0.985228,28
1740,CTTTTCACGTCGTCGAGGTT,0.000000,1
1741,TTTCTTCATTTATTTTTTCG,0.000000,1
1742,GAGGGTGCCTACCAAACCGT,1.000000,2
1743,TNTTTTATNTTTTNTGCCGA,0.000000,1
1744,GCATTCACTTCCCTTCCCCC,0.000000,1
1745,NTTCCTGGNGTGTGCAGGNC,0.000000,1
1746,TCGTTGTGCTTTTCCNTNCN,0.000000,1
1747,CACTTTTCTATTTTTTCTCG,0.000000,1
1748,NNTTGCTTTCNTTGGTCCAT,0.000000,3
1749,TTCATTTTTCGCTCCAGTTG,0.000000,1
1750,TATTATATTATTTTGTCTTT,1.000000,2
1751,TAGTTTACCTACCCAACCGT,0.000000,1
1752,GTTTTTTTTCTTTTTATGGC,1.000000,2
1753,TTTATGCTTTACACCAGAGC,0.000000,1
1754,CCGTTTATTCCCTCCCTTCC,0.000000,1
1755,NNTTATCTTTNAGATTTGGT,0.000000,1
1756,GTTGCCGTCCTGGGCAAAGG,0.000000,1
1757,GTCNCTNCTNNGAATNCANA,0.000000,1
1758,TTTCTTCTCTTCCCCTGTAA,0.000000,1
1759,TNNTTTAGGNACATNACGAN,0.000000,1
1760,GTGTCCATCCCCAACTAACA,0.000000,1
1761,TTTTTTTTTCTCGCCTCCTA,0.000000,1
1762,TCGTTGTTCTTTTTCCTTCC,1.000000,2
1763,TACTCTTCGATTTTTTCGCC,0.000000,1
1764,NNATATCACCNTTCCTTAAC,0.000000,1
1765,TTTTTTTCTTTTGTGAGGTT,0.000000,1
1766,TCGTTGTGTCTTCCCCCTCT,0.000000,1
1767,GTTTTCCTCTTGGTTTGCCG,0.000000,1
1768,NNTCATTGTTNCGGTAGGGT,0.000000,2
1769,TTTTTTTTTTCGCCCGTTGA,0.000000,1
1770,TATTTCCCCCTTTTGAGCCT,1.000000,2
1771,GGGCGTCTGTTTTGGACACC,0.000000,1
1772,TTGTTCCTTTCCCGCCCTGG,0.000000,1
1773,GTGCGTCGTGAGTTTGGTTC,0.000000,1
1774,CTGTCTGAATTTGGACCAAG,0.000000,1
1775,TTTTCGCCGCGCGGCCGCTC,0.000000,1
1776,ACCTCTTTTTTGTTTTGTTC,0.000000,1
1777,CCTTTCTGTCTCCATCCCGA,0.000000,1
1778,NNATGTTTCANGACACTCCC,0.000000,1
1779,CTTTCTAAACTTGGAACACG,0.000000,1
1780,GTGCTTTTTTTTGGGGCTTG,0.000000,1
1781,TTGCCTTTGTTGGGTCCAAG,0.000000,1
1782,TGTTTTGTGTTTTCTTTCTA,0.000000,1
1783,GTGTTTTTTTTTTTCTTGGC,0.000000,1
1784,CNNAATTTTTTNTTCGTGTC,0.000000,1
1785,CCCAAGATTAAAGCTTCGCT,0.000000,1
1786,CTGTCCCAACCATAGCAGGG,0.000000,1
1787,TACGGTATTTTTTTCTCGCG,0.000000,1
1788,NTGNTCATTAGGCCAAGCNC,0.000000,1
1789,GCGACCGTGGGGTCGTCCCC,0.000000,1
1790,GTGCGCNCCGAGTTCGGTCC,0.000000,1
1791,ACTTTTTTTCTCCCTACCTG,0.000000,1
1792,CCACCCCCTCCCCCACCTCT,0.000000,1
1793,CCTTTCCTTCCTCATCTCAC,0.000000,1
1794,TTGTGCNTTTTCCCGCTCGG,0.000000,1
1795,GGATGTNTCAGAACATTCCC,0.000000,1
1796,AACCCTNTTTTGTCTTTTCT,0.000000,1
1797,GTGCTTNTTTTTCGACATTC,0.000000,1
1798,ATTCCTAGCCCCGTACTTAG,0.000000,1
1799,ACTTTCATTCTCCCTCCCGG,1.000000,2
1800,TATTCTAATTCCTTGCTTAC,0.000000,1
1801,ATGACTGTCTTTTTTTCCTC,0.000000,1
1802,GTTCGTGGAGTGGTGGTTGG,0.000000,1
1803,GCAGTCACTGCCCTTCCGCA,1.000000,2
1804,NNTTTTCTTANGAGTTAATC,0.000000,1
1805,TTGCTGCTTTCAGCCCGAGC,0.000000,1
1806,GTTCTTTTTTTTTTTTTTTG,0.000000,1
1807,GAAAACTTCTCCCCCCAAAA,0.000000,1
1808,TCGGACCCGTGCTTATGGCA,1.000000,2
1809,ATTTCCCTTTTTTTTCCGGG,0.000000,1
1810,TTTTTTTTTCTTCTGGGCTT,0.000000,1
1811,TTTTTTTTTTGTCCGTTTGA,0.000000,1
1812,TCCTCAGAAACGACGCTTTT,0.000000,1
1813,CGATCTAGGGCTGCCCCCGT,0.000000,1
1814,TCGGACTCGTGCTTANGNTN,0.000000,1
1815,GCGACAGGGGGGTAGGCACC,0.000000,1
1816,TCCTCTTCGCTTTTTTCGCT,0.000000,1
1817,TTTTTTTCGCAAATACACAC,0.000000,1
1818,GTTGCTGTCCTGGGTCGGAG,0.000000,1
1819,TTTTCGTTTCTTCGTCACCC,0.000000,1
1820,TATAGTTTTTTTTCTTCGTG,0.000000,1
1821,GTTCCCCTGACCCGCCCCAT,0.000000,1
1822,TTGTTCGGGTCCGGGTTTTT,0.000000,1
1823,GCACCTTATGGGAAAAAGTT,0.000000,1
1824,ACTTTCTGTTTCACCACCGG,1.000000,2
1825,TCGTCTCCATGGGGGAAATC,0.000000,1
1826,TTTTATCCAGAAATACCAAT,0.000000,1
1827,TTTTTTTCTTACTCCCTTTA,0.000000,1
1828,GGGACTTGTCCAGAGGGTAG,0.000000,1
1829,TTTCCCTCTTCGGCTCCAAA,0.000000,1
1830,ACGCCGTAGGAGCTCAGTTC,0.000000,1
1831,GCGACGCAGAGCCTCAGTGC,0.000000,1
1832,TAGGTGTTTCTCTCTTCCCG,0.000000,1
1833,ACGCCGTCAGGCCTCCGTGC,0.000000,1
1834,GACTTGTCTTTGGTGTGTTT,0.000000,1
1835,TTGTCCCTTTTCCCCCCTAG,0.000000,1
1836,GCGTGCATTTCCCACGACTG,0.000000,1
1837,GTCGCTTCTGCGAATCCCCA,0.000000,1
1838,GTGACTTTCTGTTGGTTTTC,0.000000,1
1839,CTGTTAAACTCGTCGAGAGT,1.000000,2
1840,TCGCCTGCGCAGTCCAACGC,0.000000,1
1841,CTCACTTTCCACTGGTGCGT,0.000000,1
1842,CTCTTCGTTTTTTTTTTTCC,0.000000,1
1843,TTGTAATGTAGTTTCCTGCT,0.000000,1
1844,CTCTCCCTCCCCTCAACTGC,0.000000,1
1845,GTTCTTTTNTTTNTCACGGC,0.000000,1
1846,GACTTGTCCTAGGCGCGTCT,0.000000,1
1847,TTGTAGTGTGAGTTCCGCTT,0.000000,1
1848,TTGCTCCTGTACATTCTAAC,0.000000,1
1849,CCTCATTGTTACAGTAAGGT,1.000000,2
1850,GGGTTCTTTCGACCTCCGCA,0.000000,1
1851,TTCCTTTTTTTTTCCCCAAC,0.000000,1
1852,ACGCNGTAGNGCCTCAGTNC,0.000000,2
1853,GTGTACTGTCCCCGCAGGAT,0.000000,1
1854,GTGGTTTTTTTTCTCCCTCC,0.000000,1
1855,TCGTCCCTTATCCCGCCACG,0.000000,1
1856,TTTTTTCCTCCTGTCCCACC,0.000000,1
1857,TTCTCTTTTTTTGGTTTTCT,0.000000,1
1858,TTTTGTCTTTTCCGTTTTGT,1.000000,2
1859,TTTCGTTTTGCGGGAGGTAG,0.000000,1
1860,TTTTTTTTTCTGCCGCGTAA,0.000000,1
1861,TTGTTCCTTCGGCCCCCCCC,0.000000,1
1862,TTGTACCTTTCCCTGTGAGG,0.000000,1
1863,ACGCCGTAGGGCCCCAGTGT,0.000000,1
1864,TTGTAGTGTGGTGTTCTCTT,0.000000,1
1865,TAATCTCCTTGGGCGCATCC,0.000000,1
1866,NNGACTCTCTNTTGGTCCGC,0.000000,1
1867,GTGGTTTTTTTGGGACACTC,0.000000,1
1868,TCCTTTTCTGTTTTTTCTCG,0.000000,1
1869,TTTCTTCAGTTCTTTTCTCG,0.721928,5
1870,ACTCTCTGTCTCAACACCAG,0.000000,1
1871,TGTTTTATGTTTTCTGCCCG,1.000000,2
1872,TGGGGTCTCAGTTGGCCCCC,0.000000,1
1873,ACTTTCTGTCTCCATAGCAG,0.918296,3
1874,GTTTTCCTCCTGATGTGGAA,0.000000,1
1875,GTTTCTGGTCCCGTACTCCC,1.000000,2
1876,TTTCCTTGAGTTTTCAGGCC,0.000000,1
1877,GCGATTTTTCCCCCTTCCAA,0.000000,1
1878,TTTTTTCCAGCAATCCCCAT,0.000000,1
1879,GCGACGCACCTTCTTTTTAT,0.000000,1
1880,CTTTTCAATTCGCCGAGATT,0.000000,1
1881,TCCTTCCCACTTTTGAGTCT,0.000000,1
1882,TCGGACTCGTGCTTCTGGCG,0.000000,1
1883,GGGTTCTTCCGACCCCCGCG,0.811278,4
1884,TGGTCCTTCAGACCTCCAAG,0.000000,1
1885,CGTTTTTTCCCCTCCCCCTT,0.000000,1
1886,ATTTACCTTTTTTTGCCAGC,0.000000,1
1887,GTTTTCCTGTTGGTTTGTCA,0.000000,1
1888,GAACATTTGTGACCATCCAG,0.000000,1
1889,CCGTTCCCACTTTTTGCGCC,0.000000,1
1890,CTCATTTTCCATGGGTGGGT,0.000000,1
1891,TNCCNTTGGNTNGCATNTGN,0.000000,2
1892,TAATGCCCTTTTACCCGGCG,0.000000,1
1893,CTTTTCACTTTCTCGGAATT,0.000000,1
1894,CTCAACTTTTTTTTTGTTTC,0.918296,3
1895,CTTCTTNCCCGCCAACTGTC,0.000000,1
1896,GTTCCTTTTTTTTTTTTGTC,1.000000,2
1897,TACTCTCATTCCTTGTCTCC,0.000000,1
1898,TTTTCCCTTTTCCTTTTTTT,0.000000,1
1899,ACTCCCCACCTTTACCTCCA,0.000000,1
1900,TTGTCCCTTCTACCAAGCAC,0.000000,1
1901,TTTTTTCCCAAAATACAAAC,0.000000,1
1902,TTGTCCCTTTTCACAGTCGG,0.000000,1
1903,GTGCCTTCCGATCCTCCACC,0.000000,1
1904,TTTTTTTGTTGATCCCGTGA,0.000000,1
1905,CCATCGGCCGACACCCAGCC,0.000000,1
1906,GTGTTCCTCTTGGTGTGTAG,1.000000,2
1907,TTTTTTTTTTTTTTTTTTTT,0.000000,1
1908,ATCCTCCGTTCCTCACACGC,0.000000,1
1909,GCGACTTTTCACCGTGCCAG,0.000000,1
1910,CCGTTCCGATTTTTTTTTCC,0.918296,3
1911,TCTTTGTCCCTAGCATTTCC,0.000000,1
1912,NNGTTGTGCTNTTCCATTCG,0.000000,2
1913,CTCTCACTCCCCGGAACGTT,0.000000,1
1914,TTTGTTTGGATGGGGGTGTT,0.000000,1
1915,TTGTCACTTTTCCCCTCCGA,0.000000,1
1916,TCTTGTCTTTTCCTAGCCTC,0.000000,1
1917,AGTCCCAATTGGGCGTGGGT,0.000000,1
1918,TTTTTCCCACCGTTCGAAAC,0.000000,1
1919,GCGGATCACCTTCTTTCGAT,0.000000,1
1920,TGAATCGATTTTCGGGATCC,0.000000,1
1921,TGTTTTATGTTTTATTCCTG,0.000000,1
1922,TTGTCTTTTTTTGGTTTGTT,0.000000,1
1923,GCTTTTATTGGGTTTGCGTC,0.000000,1
1924,TTTCTCCCATACATCCCAAT,0.000000,1
1925,TTTTCGCTTTTCCCCCCAGC,0.000000,1
1926,GTTTTTTCCCCCCCACAAAC,0.000000,1
1927,GTTNTAACTNCGTNGAGNTT,0.000000,1
1928,TGGCTTTTTTTTGCTCCCAT,0.000000,1
1929,TTTTTTTATTCATACATCGA,0.000000,1
1930,CTGTTTTTTCTTTCGGCTTT,0.000000,1
1931,GGGTGTCTGTTTTGAAGACC,0.000000,1
1932,CTTCTTCGCCGCCACCCCCC,0.000000,1
1933,GGTGCTTGTCACGGGGGTGG,0.000000,1
1934,TACTCTTGTCTTCTGTCCTT,0.000000,1
1935,GAGTTGGTGCCACTGGGGGG,0.000000,1
1936,TTTCCTGGAACGTGCAGACC,0.000000,1
1937,TTTTTTTCTCTTGTGGGTTT,0.863121,7
1938,TTTTCTCTTTTGGCTTTGTT,0.000000,1
1939,ATTTNCGACGNGGTGNATGC,0.000000,1
1940,GCCTNTTATGNGAAANNGTT,0.000000,1
1941,ACGCCGTCGCGCCCCAGTTC,0.000000,1
1942,TCTTCGTGTCCCTCTACACT,0.000000,1
1943,CATCTCTTGTTAGCAAGGGC,0.000000,1
1944,GCNGCACCTNCGTANCGCCC,0.000000,1
1945,GTTCTTTTTTTTTTTACGGG,0.918296,3
1946,CTTTCCCCACGATAGCGGTG,0.000000,1
1947,NNGCCGTAGANCCTCAGTGC,0.000000,6
1948,GTGCTTNTTNNGNGNAATNA,0.000000,1
1949,TTNATACTTNAAGCNAGAGC,0.000000,1
1950,CTCTCCTTCCCCGAAACCGT,0.000000,1
1951,GTGTTTTGTTCCGGCGGGAG,0.000000,1
1952,TNTTANCNCTTNGGCTNTTG,0.000000,1
1953,TTTTCGCCTCACGGTCGTTC,0.000000,1
1954,CTTTTTTGTCTTCCCTCTGG,0.000000,1
1955,TCTTCTCTCTTCGGCCTTGG,0.000000,1
1956,GTTTTCTTTCCTTGGTCCAT,0.000000,1
1957,AATCCTTGCCCCCGTTTCCT,0.000000,1
1958,ATCCTACGTTCCTCCCACCA,1.000000,2
1959,GTGTTTTTTGGGGATTGACC,0.000000,1
1960,GTTCCCGTTCTAGTCCTCCC,0.000000,1
1961,NCTTGCNGTTCCNGAGCNTA,0.000000,1
1962,NTTACCGTNCTGGGCCGANG,0.000000,1
1963,TTGTAGTGTCGTTTCCGGCC,1.000000,2
1964,CNCAATTTTNTTTTNGTGTN,0.000000,1
1965,TGATGTCTGNGTCGNATGCN,0.000000,1
1966,GTTCTTTTTNTTTTNATGGN,0.000000,1
1967,NNATAGGCCGNCACCAAGCA,0.000000,2
1968,TTTTTTTCTCTGACNAGTTN,0.000000,1
1969,ACATACTGTATCAATACCGG,1.000000,2
1970,TGATGTTCCGAGCATTACCC,0.000000,1
1971,GGAATCGATTTTAGGGACTA,0.000000,1
1972,TNTTATCCCTTGNGCNATTN,0.000000,1
1973,TTTTTTTCCACACCGTACCA,0.918296,3
1974,TTGACCCCTTAAGCCAGAAC,0.000000,1
1975,CCTTAGTCATTTCTCCGTGC,0.000000,1
1976,CCTTTCTGCCTCACTACCCC,0.000000,1
1977,NNATGCAGTGNAAATTAACG,0.000000,4
1978,TCGTTATCCCTGGCCTTTCC,0.000000,1
1979,TCTTACCCCTTGGGCTATTA,0.000000,1
1980,TTCTCTTTCCGCACACCTCC,0.000000,1
1981,TACTGTTACGAGTCCTACCC,0.000000,1
1982,ACNACNACTNTCATAGGNCC,0.000000,1
1983,GTGCGTAGCGAGCTCGTTCT,0.000000,1
1984,GCGTGTCTGGTCGTTTAGTA,0.000000,1
1985,GATTTCCTTCGGTTCGCTTT,0.000000,1
1986,TCGTTTTGCTTTTTCCTTTG,0.000000,1
1987,TTGATCCTTTCCACCAAAGC,0.000000,1
1988,CCATGTGTATATCTGCGCCG,0.000000,1
1989,GATTTCATNANGTTCGCGTN,0.000000,1
1990,CGATCTCGGGTTGCCCATCT,0.000000,1
1991,GTTCCTCTCCGTCACCATCC,0.000000,1
1992,AATCGANTNANTCACCNCAA,0.000000,1
1993,TTTTTTTGANCNGGGCGNAC,0.000000,1
1994,TGGCTTTTNTNGGCCCNCGT,0.000000,1
1995,TTTTTTTCTCTTCCTAGTTT,0.000000,1
1996,CCATGTGTAGGGGTGTGTGG,0.000000,1
1997,GCCTAANTNTNGGGCANTGA,0.000000,1
1998,GTTACCGTCCTGGGCNGNGN,0.000000,1
1999,CGAAGAATATGAACTTGCCA,0.000000,1
2000,TTGTTCCCGTGCCTTTTAAA,0.000000,1
2001,GTTTTTCTTAGAAGTCACTC,0.000000,1
2002,TATTCCCATTCCTTTCCTCC,0.000000,1
2003,GTCACTACTGTGAATTCACC,0.000000,1
2004,TTTTGTTTTCTGCTGGGTTT,0.000000,1
2005,CCGCCGTAGAGCCCCAATGC,1.000000,2
2006,ACATGCGTCCCCATCGCTTT,0.000000,1
2007,TATTCTCCCCTGGGCCGTTG,0.000000,1
2008,CTCCCTTGCCCCGGGTGAGC,0.000000,1
2009,TTTCCTGGAGTAGGCAGTCC,0.000000,1
2010,ACGCCGTAGAACATAAGTGC,0.000000,1
2011,TACNTTTCNATTTTNGCGNG,0.000000,1
2012,TCTTATCCCTTCGCCTACTC,0.000000,1
2013,TTTTTTTTCCGGCAGGGCAC,0.000000,1
2014,CTGNTTCTNCTTTCNGCTNC,0.000000,1
2015,TTTTTTTTGCCCAAGGGAAC,0.000000,1
2016,NNCATGTTGCNCTCCAGCTG,0.000000,4
2017,GTTTTTCTTCGGAATTCACC,0.000000,1
2018,TCTTCTTGTCTTTTTTTTTT,0.000000,1
2019,TTTTTTNCCGAACTCCACAT,0.000000,1
2020,TTGATACTTTCAGCCAGCAC,0.000000,1
2021,TTGATACTTTACGCCGGAAC,0.000000,1
2022,CGTTCCTAANGTTNGGTNCG,0.000000,1
2023,CTTTTCTCATGTTCGGTCTG,0.000000,1
2024,TTTTTTAGGGCCCCCACGAA,0.000000,1
2025,GAGTTTACCCACCACACCAT,0.000000,1
2026,TTTTATATTTTCCCCCAAGC,0.000000,1
2027,TTTTCGGTTTTCCAACAGGC,0.000000,1
2028,GTTCGTCTTATTCGCTGTAG,0.000000,1
2029,TCGTAGTGTTTTTCCCTTTA,0.000000,1
2030,GCGCCGCACCTTCTTTCGCT,0.000000,1
2031,TTGTCGCACTTCGCGTGCGC,0.000000,1
2032,TTTTCTTCTCCTTCCTCATC,0.000000,1
2033,ACGCGGTAGAGCCTCAGTAT,0.000000,1
2034,TTTTGTTCTTTGGTTCGTTT,0.000000,1
2035,TTTCCCCCAAAACTACCCAC,0.000000,1
2036,CTTGCAATCCCAAATCCGGG,0.000000,1
2037,GTGCCTTCCAATACTCCAAC,0.000000,1
2038,TTTTTTCTTCCTCATTCCAA,0.000000,1
2039,TTTTCCCCGACATTCTCACC,0.000000,1
2040,TNGTTCATNAGGCCANGCAC,0.000000,1
2041,GAACCCCCGAACACAGGGAT,0.000000,1
2042,TTTTTTTCCGCAATCCACAT,0.000000,1
2043,TTTTGTATTTTCCAACAGGC,0.000000,1
2044,GTTTTCCTTCCCCCTTTTTG,0.000000,1
2045,CCCTTTTCCGGTTGTTGTTT,0.000000,1
2046,TTTTATCTTTTGGATTGTGT,0.000000,1
2047,TCTAGGTTTTTTTTCGCTCG,0.000000,1
2048,TATAATTTTCATTCCGCACA,0.000000,1
2049,GTTTTTCTTCGTTGCTGTAG,0.000000,1
2050,TTTTTCCTTTGTTTGCCTCC,0.000000,1
2051,GCAGCCACTACCCTCCAGCC,0.000000,1
2052,CTTTTTCCCTCAACCACCAT,0.000000,1
2053,GTTTTCCTCTTTCTTTTCAG,0.000000,1
2054,GCCCCTTCTGGGAAACAGGT,1.000000,2
2055,TTGCATTCGTCGAATCCACA,0.000000,1
2056,CTCCACTTCTCTTTCGTGTC,0.000000,1
2057,GTGCGTAGCGAATTCAATCC,0.000000,1
2058,GTTTTCCCCCCCCCCATGCC,0.000000,1
2059,CTTTTGCATTCGTTGAGATT,0.000000,1
2060,CCCTTTCCAGGTGGGCACCG,0.000000,1
2061,GTATGCATAGCGAGGGAGCC,0.000000,1
2062,GTTTTTTTTTTTTTCCCTGG,0.000000,1
2063,ATTTTTTACGTGGTGCCTTC,0.000000,1
2064,TCTATTTTTTTGGTCGCAAA,0.000000,1
2065,TTGTAGTGTAGTGTCGCGTT,0.000000,1
2066,GTGCTTTTTTTTCGACGTTA,0.000000,1
2067,TTCCTTTTTTCCTCCGTACT,0.000000,1
2068,GATTTCATTAGGTTCNCNTN,0.000000,1
2069,GCGCTCTGTACCACTGCAAG,0.000000,1
2070,CAGTTCCGATTTGTTGAGCC,0.000000,1
2071,GGGCTTGTTTTCTCTTGTCT,0.000000,1
2072,GTCCCTTGTCTCGTCCTCCC,0.000000,1
2073,TTCTTTTAGTTTTCTTGCCG,0.000000,1
2074,CTATCTTTTTTTGATCTGCT,0.000000,1
2075,TTGTAGTGTGGGTTCATGTT,0.000000,1
2076,AACTCCTTTTTTTTTTGTTT,1.000000,2
2077,ATTTCCCTTTCTTTGCCTGC,0.000000,1
2078,NNCTCTTTTTNGTCTTGTCG,0.000000,4
2079,TCGTTCTTTCTTGCTTCCCG,0.000000,1
2080,TTGTTCCTTCGGTCAAGCAC,0.000000,1
2081,ATTTTTTCGNGTGNCCCTCN,0.000000,1
2082,TTGTCCCTCTCTATCCCTCG,0.000000,1
2083,TCTCCTTGTTACAGCCGGGT,0.000000,1
2084,TTTCCTTGAGTGTGCGGACC,0.000000,1
2085,CACCCTTTTTTGTTTTGTTT,0.000000,1
2086,TGCCCTTTGGTCGCCTGTGT,0.000000,1
2087,ATGTCCTTATATGTTTCTTC,0.000000,1
2088,CCGTTGCGATTTTCTGTCCC,0.000000,1
2089,GTTTTTTCTACCACCCGGGG,0.000000,1
2090,GGGTTCTTCAGCCCCCCCAG,0.000000,1
2091,TTTTTTTTTTTCGATTTCCG,0.000000,1
2092,TTGTCTCTTTTCGGTTTTGT,0.000000,1
2093,TCGGACTCATGTTTCTGCTA,1.000000,2
2094,CCTTTCATTTCTTCTCCTCC,0.000000,1
2095,GAACCCCCGAGTCCCGGGCT,0.000000,1
2096,TCCTTTTGGATTTTTGCGCT,0.000000,1
2097,GTGTTTTTTTTTTTCCGTGT,0.000000,1
2098,TTCTCTTTCCCCCAACACCC,0.000000,1
2099,TTTTTTTCTTTCTCTTTTGT,0.000000,1
2100,TTTTTTTCTTCCTGCCTTGG,0.000000,1
2101,TTGCTCCCTTGCATTTTACA,0.000000,1
2102,TTTACTGGCGTGTGCCGAGA,0.000000,1
2103,GTCACCTTCCCGGGGTGAGG,0.000000,1
2104,TTGTCCCTTTTCCCACCCGG,0.961237,13
2105,TCTGGTTTTTGTTTCTCCCC,0.000000,1
2106,TTCTAAGGAACGATGNTNTN,0.000000,1
2107,TNGTNATTTNTNGCTTNACN,0.000000,1
2108,CTGTTTCTTCTTTTAGCTTT,0.000000,1
2109,TTTTTTCCCGAAATGCCCCT,0.000000,1
2110,GCCNCTTANGGGAAACGGNT,0.000000,1
2111,TTTTAGCTTTCAAAACAGTC,0.000000,1
2112,ACGCCGCAGAGCCTCAATGT,0.000000,1
2113,GTTCCTCTTAGTCCCGGCAA,0.000000,1
2114,AATCGANTTAATNACCNCAA,0.000000,1
2115,GCGACGNACATTNTTTNGAT,0.000000,1
2116,TTGTTANGGTCANGGTNCTG,0.000000,1
2117,TTTTTTCTCGAAATACACAC,0.000000,1
2118,CCATTTTCCTTTTCTCTTCG,0.000000,1
2119,TCTTCTCCCTTGGGCTCTCG,0.000000,1
2120,TTGATACTTTAAACAAAACC,0.000000,1
2121,GTATCTCTTGTCGCTTTGCT,0.000000,1
2122,CTTGCACTCCCACTCCCCGG,0.000000,1
2123,GATTCCACTCAATTCGCTCC,0.000000,1
2124,TTTCTTCTCTCAGCTTTTCA,0.000000,1
2125,TCTTAGTTTCTTTTTTTTGG,0.000000,1
2126,AATCCNTNCACNTGTTTCAT,0.000000,1
2127,TCTTATTGTGGTTTTTTTTT,0.000000,1
2128,TTCTCTTTACTCCACCATCC,0.000000,1
2129,TTTTTTCCTCCCTGCTCCTA,0.000000,1
2130,TTCTCCCCAACAATACCTTT,0.000000,1
2131,CTTTCACCTTCGCCGAGCTT,0.000000,1
2132,GCCTGCATCGTAAAGTAACC,0.000000,1
2133,GTGTCTCCCTCTTCCCCTGG,0.000000,1
2134,CCTTCCCTTCCCTATCTTAT,0.000000,1
2135,TAGTCTNCNTGGNCGAACTC,0.000000,1
2136,CCANTTTCNGGTGGTCGTNG,0.000000,1
2137,GGGNTTGTNTCATCTTTCNT,0.000000,1
2138,GTCNCTTCNGCGAATTCANA,0.000000,1
2139,TTTTTTTCCCTTTCCCCCGG,0.000000,1
2140,TCCTCTCCCCGACACTCCAG,0.000000,1
2141,CGCTCTCTGACTGCCCATAC,0.000000,1
2142,CTCCCTNTCCATGGGTGAGC,0.000000,1
2143,TGTTNTTNCCCGAGTCTTNG,0.000000,1
2144,TATTATCCCTCGGGCGATTT,0.000000,1
2145,TGTNNTATGTTTTATNCNGN,0.000000,1
2146,ACTCCCCCCCCTTTACTGCCC,0.263189,112
2147,GTTCTTTTTTTTTTTCCTGGC,0.421393,643
2148,TTTTTTTTTTACGCAGTGTAA,0.331236,689
2149,CTCAATTTTTTTTTTCGTGTC,0.244815,1233
2150,GTTCTTTTTTTTTTTCATGGC,0.103859,2719
2151,TGTTCTTTGTTCTTTTATCCT,0.045213,10053
2152,TTGTAGTGGCAGTTTCCCCTT,0.970951,5
2153,CTCAATTTTTTTTTCGTCCGC,0.000000,2
2154,CCTTTCCTTTCTTTTTTTCCT,0.000000,1
2155,ACATGCAGTGTAAATTTAACG,0.000000,1
2156,TTTTTTTTTTAGGCAGTGCAC,0.000000,1
2157,TTTCTTTTTGTAACAGATCTC,0.000000,3
2158,GTTCTTTTTTCTTTCCGTGTC,0.000000,1
2159,ATTTAGTTCTCCTTTTCGAAG,0.000000,1
2160,GATTTCATTTAGGTTCGCGTC,0.000000,1
2161,ACTCCCCCCCCTTCCCTACCC,1.000000,2
2162,ACGTTTTTTGGTCGTTTAGTG,0.000000,2
2163,AGGGTTCTGTACCCAGATCCC,0.000000,1
2164,TTTTTTTTTTAGACAGTTCAG,1.000000,2
2165,TTGTAGTGTGGGTTTCCCTTT,0.000000,1
2166,GTGCTTTTTTTTGAGAACTCC,1.000000,2
2167,TTTTTTTTGTCACCACCTTAC,0.000000,1
2168,GTTCGTCGAGTTTATGATTGG,0.000000,1
2169,AGGGTTCTGTAAACAGATCTC,0.918296,3
2170,TATTTTTTAGGATGCTCGCTC,0.000000,1
2171,AACTCTTTTTTTTTTTTTTCT,0.000000,1
2172,GTGTTTTTTTCCAGGGGGGGT,1.000000,2
2173,TTTTTTTTTTCAGAATGTGAC,0.000000,1
2174,TCTTAGTTATTTTTTTTTTAC,0.000000,1
2175,TTTTTTTTTACGCAGTGTAAT,0.000000,1
2176,TTTTTAGTGTCCCTGTACACG,0.000000,1
2177,CTCAATTTTTTTTTTGTGTTT,0.000000,1
2178,GTCTGAAAATGCTGCTTGCGT,0.000000,1
2179,TTTTTTATTTCTTTCTTTTTG,0.000000,1
2180,TTTTTTCCAGAAATACACATT,0.000000,1
2181,GTGCTTTTTTTGAGACATTTA,0.000000,2
2182,TTGGAGTGTTAGTTTCCCGTT,0.000000,1
2183,TTTTTTCTTTGACGATTTACG,0.000000,9
2184,AGGGTTCTGTCACCAGATCTT,0.000000,1
2185,ACTTTCTGTCTCCCTCCCAGT,0.000000,1
2186,TTTTTTTTCAGCAAGACCCAT,0.000000,1
2187,GCGACCGTGGGGTAATCAACT,0.000000,1
2188,TTCTTTGGGTTTGCTTGCCGT,0.000000,1
2189,TATTATCCCTTGGGCTATTTG,0.000000,1
2190,TTTTTTTTTTCCACAATTTCA,0.000000,1
2191,GTGCTTTTTTTTAAAACCTTC,0.000000,1
2192,TTTTTTTCCTCCTGCCTCATA,0.000000,3
2193,TTTTTTTCCAAAACCCCACCT,0.000000,1
2194,TTTCGTGTCGCGGAAGGAGGT,0.000000,1
2195,TCCTCCTTTTCCACAGATCTC,0.000000,1
2196,CTCTCATTTCCCAGGAACTGT,0.000000,1
2197,TTATTTTGAGTTTGCTCGCCG,0.000000,1
2198,TTGTAGTGGGGGTTTCCTCTT,0.000000,1
2199,GTTTTTTCCCAAACCAAGGAC,0.000000,1
2200,TCATCATTTTCCACAGCTCTC,0.000000,1
2201,TTGTAGTGTCGTTTTCCCCTT,1.000000,10
2202,TTTCTTAAGTTATTTTTCTAG,0.000000,1
2203,TTTCGTGTCGCGGAGAACGGT,1.000000,2
2204,TTTTTTTTCTTACTACCTTGC,0.000000,1
2205,GCAGTCACTGCCCCTCAGTGC,0.000000,1
2206,CTCCCTCGTTTTTTTTTCCCT,0.000000,1
2207,GATATCCTATTGGGAAACAAA,1.000000,2
2208,TTTTTTTTTCCTGGTAAGTTT,0.000000,1
2209,TCTTACTGTCCTTTTTTCTTT,0.000000,1
2210,TTGTAGTGTAGTTTCCTATTT,0.811278,4
2211,TTGTAGTGTGATTTTCGCCTT,0.000000,1
2212,GTGTTCAGTGGCCTTTGGGGT,0.000000,1
2213,TACTTTTCGATTTTTTGCGCG,0.000000,6
2214,GGTACTCGTCACGGGGGGTAG,0.000000,23
2215,TCGTTGTACCTGGCCTTTTCC,0.000000,1
2216,TTTTTTTTTCTTGTGGGTTTT,0.000000,1
2217,TTTTTTCGGGACATCACGAGT,0.000000,1
2218,TTGTCTCTTTCCGGCCTTGGT,0.000000,2
2219,TTGTAGTGTTGGTTTACTCTT,0.000000,1
2220,TTTTTTTTTCCCGAAGTGCAC,1.000000,2
2221,GTGTCTTTTTTTGGGCCCTCC,0.000000,1
2222,GTCGCGAACTTCTGCCGTCCT,0.000000,1
2223,GGGCTTGTTTTCCCTTTTCCT,0.000000,1
2224,TGGCTTTTTTGGGCCCCCAGT,1.000000,2
2225,GGGTTCTTCAGACCCCCCCAT,0.000000,1
2226,CTGTTCGTCCGGCGAATCGGT,0.000000,1
2227,GTGGTTTTTCCCAGGGGGAGT,0.000000,1
2228,TTTTCTTTTTTCCGTTTTGTT,1.000000,2
2229,GTTCTTTTTTTTTTTTCTTGT,0.000000,1
2230,ACGCCGTAGAGCCTCAGTGCT,0.000000,1
2231,GAATTGTCTTGGGCGCGGTCT,1.000000,2
2232,GTGGTCTTGTCCCGGGGGGCT,1.000000,2
2233,ATGTCAATCCACAAATAACAT,0.000000,1
2234,CCGTTACGATTTTGCTGCGCC,0.000000,4
2235,TTTTTTTTCTCTGATGAGTTT,0.235193,26
2236,ATTTTTTCGGGTGTCCCCTCG,0.000000,1
2237,TTTTTTTTTCCACCATGTCAC,0.000000,1
2238,TTTTTTTTTTCCAACGTGTCA,0.000000,1
2239,GAGTTTATGCCGATGGGGGGT,0.000000,1
2240,TCTTAGTTATTTTTTTTGTGA,0.918296,3
2241,TTTTTCTTTGGTGGGTCTATT,0.000000,1
2242,TGGTTTTTTTGGGCCCCCGTT,0.000000,1
2243,TTTCCTGGAGTGTTCCGGCCC,0.000000,1
2244,TTTTTTCCAGAAAATACACAT,0.000000,1
2245,TTTTTTTTTCCGGCATTTCAC,0.811278,4
2246,TTGCATTTCGTCGGATCCAAG,0.000000,1
2247,AACTCTTTTTTTGTCTTGTCG,0.000000,18
2248,TCTTATTGTATTTTTGTCTTT,0.591673,7
2249,GTTCTTTTTTTTTTCCCGGCC,0.896038,16
2250,TTATGCCGATACACAGATCTC,1.000000,4
2251,GCCTCTTATGGGGAAACGGTT,0.000000,4
2252,TTTTTTTTTGCCCAGGGTCAC,0.000000,1
2253,TTCTAAGGAACGATGCTTTCT,0.000000,1
2254,TTTTTTTTTTTTGCTGGGTTT,0.000000,1
2255,TTGTAGTGTAGTTTCACGTTT,0.000000,1
2256,CTGGTTCTTTCTTTCGCCTCT,0.000000,1
2257,TTTTTTTCCAGAAATACACAT,0.000000,30
2258,TTTTTTTTATTAATACCTTGA,0.000000,4
2259,GAATTGTCTTGGGCGCGTCTT,0.000000,2
2260,TTTTTATTTCTTTCTTTTTGG,1.000000,2
2261,TTTTTTTTTTCGCCAGTGTAC,0.000000,1
2262,TTGTAGTGTCATTTCCCCTTT,0.970951,5
2263,GTTTTTTTTTTTTTCCTTGCT,0.000000,1
2264,TTGTAGTGGGAGGTCCCACTT,0.000000,1
2265,TCATCATTTTCACCAGATCTC,1.000000,2
2266,TTTTTCGACGCGCGGCAGTTA,0.000000,2
2267,TTTTTTTTGACCAGGGCGAAC,0.650022,6
2268,GAATGCCTCTGTACGCGGCGT,0.000000,1
2269,TTTTTTTTTCCCCCGTTTCAT,0.000000,1
2270,TCTATCTTCTTGGTCACAAAG,0.000000,1
2271,GTTCCTGGTCTAGTACTCCCT,0.000000,1
2272,AGGGTTCTTTCCACAGATCTC,0.000000,1
2273,GTGGGTAGCGAGTTTGGTCCT,0.000000,1
2274,TGTTTTTTCCCACCCCAACTC,0.000000,1
2275,GTGCTTTTTTTTGAGACATTA,0.918296,12
2276,TTTCGTTTCTCGGGGGGGGGT,0.000000,1
2277,TGGCTTTTTTTGGGCCCCCGT,0.543564,24
2278,TTTTAGTGTCCCTGTACACGT,0.000000,1
2279,CTCAATTTTTTTTTCGTTTCC,0.996317,28
2280,TGCCAATTGGGTCGCATGTGC,1.000000,2
2281,ATAAAAGGGACTACCCTCTCT,0.000000,1
2282,GTGGTCACTTTCGTTCTGGGG,0.000000,1
2283,GTTCTTTTTTTTTTCATGGCT,0.000000,1
2284,GAACCACCGAGTACATGGCTT,0.000000,1
2285,TTTTTTTTTCACCCATTTCAC,0.918296,3
2286,AGAAGCCTATGAATTTTGCCC,0.000000,1
2287,GTTTTTTTTTTTTTTCTGGTC,0.000000,1
2288,GTGGTTTTTTTTGAGCATTCT,0.000000,1
2289,TTTTTTTTTCCAGTGAGAACT,0.000000,1
2290,TTGTACCTTTTTACCGCTAGG,0.000000,1
2291,TTTTTTTTTCCACAGTGTAGC,0.000000,1
2292,CTTGCAACCCAAAGTCCGGGG,0.000000,1
2293,TTTTAGATTTTTAAAACAGGC,0.000000,1
2294,GGGCGTCTGTTTGGAAATACC,0.000000,1
2295,GTTACCGTCCTGGGGCGAAGT,0.000000,1
2296,TTTTAGTGTCCCTTTCCCCGT,0.000000,1
2297,TTTCCTGGAGTGTGTAGGCCT,1.000000,2
2298,TTGTTTCCTTCCTGCCTTGGT,0.000000,1
2299,TTTTTTTTTTCCGCAGTTCAC,1.000000,6
2300,TTTTCTTTGCTCCTTTATCCT,0.000000,1
2301,TTGTAGTGTGGGTTCGTCTTT,0.000000,1
2302,GTTTTTTTTTTTTTTTTTTGC,0.000000,1
2303,TTTTTTTAGGGACATCACGAG,0.468996,10
2304,TCCTTCCAACTTTTGCGTCTT,0.000000,1
2305,TTTTTTTTTTCTGATTTCCTT,0.000000,1
2306,GATATCCTCTTGGGGAGCAAA,0.000000,1
2307,GGGCCTCCATGTCGTTTTTCC,0.000000,1
2308,ATTCTGGGCCTCCATGTCCTT,0.000000,1
2309,TTATCTTTTGTTGATTTGCTT,0.000000,1
2310,CACCAGCTCCCTGCCCGCAAC,0.000000,1
2311,TAGTTATTTTATCGCTTCACG,0.000000,1
2312,TTTTTTTTATTACCCCTTTGC,0.000000,1
2313,GTGTCTTGTCCCCGCGGGACT,0.000000,1
2314,TTGCTCCCGTGCATTTTTAAG,0.000000,3
2315,GCGACGCACATTCTTTCGATT,0.000000,1
2316,GTTCCCGTCCTGGTGCACGGT,0.000000,1
2317,ATTTTTTTCGGGTGTCCCTCG,0.000000,4
2318,TTTTTGTCTCACGTTTCCGTA,0.000000,1
2319,GTGTCTTTTCCCGGCGGGAGT,0.000000,1
2320,ATTTTTCGACGTGGTGCATGC,0.000000,4
2321,CTTTTAACTTCGTCGAGATTT,0.000000,1
2322,CGTTTTTTACCCCTACCCTGT,0.000000,1
2323,TTGTCGTGTCATTTTCTCCTT,0.000000,1
